INFO:nitka.eventlog:{"timestamp": "2026-09-25T21:23:42.640113+00:00", "event": "record_warning", "file": "68543b2a58884d68afb5865fc1878ab2_documents_5.jsonl", "line": 172, "field": "status", "reason": "invalid_status"}
INFO:nitka.eventlog:{"timestamp": "2026-09-25T21:23:42.640151+00:00", "event": "record_warning", "file": "68543b2a58884d68afb5865fc1878ab2_documents_5.jsonl", "line": 173, "field": "published_at", "reason": "invalid_date"}
INFO:nitka.eventlog:{"timestamp": "2026-09-25T21:23:42.640177+00:00", "event": "record_warning", "file": "68543b2a58884d68afb5865fc1878ab2_documents_5.jsonl", "line": 173, "field": "status", "reason": "invalid_status"}
INFO:nitka.eventlog:{"timestamp": "2026-09-25T21:23:42.640203+00:00", "event": "record_warning", "file": "68543b2a58884d68afb5865fc1878ab2_documents_5.jsonl", "line": 173, "field": "url", "reason": "invalid_url"}
INFO:nitka.eventlog:{"timestamp": "2026-09-25T21:23:42.640243+00:00", "event": "record_warning", "file": "68543b2a58884d68afb5865fc1878ab2_documents_5.jsonl", "line": 174, "field": "updated_at", "reason": "invalid_date"}
INFO:nitka.eventlog:{"timestamp": "2026-09-25T21:23:42.640269+00:00", "event": "record_warning", "file": "68543b2a58884d68afb5865fc1878ab2_documents_5.jsonl", "line": 174, "field": "status", "reason": "invalid_status"}
INFO:nitka.eventlog:{"timestamp": "2026-09-25T21:23:42.640307+00:00", "event": "record_warning", "file": "68543b2a58884d68afb5865fc1878ab2_documents_5.jsonl", "line": 175, "field": "status", "reason": "invalid_status"}
INFO:nitka.eventlog:{"timestamp": "2026-09-25T21:23:42.640347+00:00", "event": "record_warning", "file": "68543b2a58884d68afb5865fc1878ab2_documents_5.jsonl", "line": 176, "field": "updated_at", "reason": "invalid_date"}
INFO:nitka.eventlog:{"timestamp": "2026-09-25T21:23:42.640372+00:00", "event": "record_warning", "file": "68543b2a58884d68afb5865fc1878ab2_documents_5.jsonl", "line": 176, "field": "word_count", "reason": "invalid_nonnegative_integer"}
INFO:nitka.eventlog:{"timestamp": "2026-09-25T21:23:42.640424+00:00", "event": "record_warning", "file": "68543b2a58884d68afb5865fc1878ab2_documents_5.jsonl", "line": 178, "field": "title", "reason": "missing_required_title"}
INFO:nitka.eventlog:{"timestamp": "2026-09-25T21:23:42.640438+00:00", "event": "document_not_inserted", "file": "68543b2a58884d68afb5865fc1878ab2_documents_5.jsonl", "line": 178, "external_id": "doc-000177", "title": null, "reason": "missing_required_title"}
INFO:nitka.eventlog:{"timestamp": "2026-09-25T21:23:42.640464+00:00", "event": "record_warning", "file": "68543b2a58884d68afb5865fc1878ab2_documents_5.jsonl", "line": 179, "field": "published_at", "reason": "invalid_date"}
INFO:nitka.eventlog:{"timestamp": "2026-09-25T21:23:42.640502+00:00", "event": "record_warning", "file": "68543b2a58884d68afb5865fc1878ab2_documents_5.jsonl", "line": 180, "field": "author_name", "reason": "invalid_text"}
INFO:nitka.eventlog:{"timestamp": "2026-09-25T21:23:42.640550+00:00", "event": "record_warning", "file": "68543b2a58884d68afb5865fc1878ab2_documents_5.jsonl", "line": 181, "field": "title", "reason": "missing_required_title"}
INFO:nitka.eventlog:{"timestamp": "2026-09-25T21:23:42.640565+00:00", "event": "document_not_inserted", "file": "68543b2a58884d68afb5865fc1878ab2_documents_5.jsonl", "line": 181, "external_id": null, "title": null, "reason": "missing_required_title"}
INFO:nitka.eventlog:{"timestamp": "2026-09-25T21:23:42.640590+00:00", "event": "record_warning", "file": "68543b2a58884d68afb5865fc1878ab2_documents_5.jsonl", "line": 182, "field": "status", "reason": "invalid_status"}
INFO:nitka.eventlog:{"timestamp": "2026-09-25T21:23:42.640615+00:00", "event": "record_warning", "file": "68543b2a58884d68afb5865fc1878ab2_documents_5.jsonl", "line": 182, "field": "updated_at", "reason": "updated_before_published"}
INFO:nitka.eventlog:{"timestamp": "2026-09-25T21:23:42.640653+00:00", "event": "record_warning", "file": "68543b2a58884d68afb5865fc1878ab2_documents_5.jsonl", "line": 183, "field": "published_at", "reason": "invalid_date"}
INFO:nitka.eventlog:{"timestamp": "2026-09-25T21:23:42.640687+00:00", "event": "record_warning", "file": "68543b2a58884d68afb5865fc1878ab2_documents_5.jsonl", "line": 183, "field": "tags", "reason": "invalid_tag"}
INFO:nitka.eventlog:{"timestamp": "2026-09-25T21:23:42.640714+00:00", "event": "record_warning", "file": "68543b2a58884d68afb5865fc1878ab2_documents_5.jsonl", "line": 183, "field": "status", "reason": "invalid_status"}
INFO:nitka.eventlog:{"timestamp": "2026-09-25T21:23:42.640767+00:00", "event": "record_warning", "file": "68543b2a58884d68afb5865fc1878ab2_documents_5.jsonl", "line": 185, "field": "title", "reason": "missing_required_title"}
INFO:nitka.eventlog:{"timestamp": "2026-09-25T21:23:42.640781+00:00", "event": "document_not_inserted", "file": "68543b2a58884d68afb5865fc1878ab2_documents_5.jsonl", "line": 185, "external_id": "doc-000184", "title": null, "reason": "missing_required_title"}
INFO:nitka.eventlog:{"timestamp": "2026-09-25T21:23:42.640807+00:00", "event": "record_warning", "file": "68543b2a58884d68afb5865fc1878ab2_documents_5.jsonl", "line": 186, "field": "status", "reason": "invalid_status"}
INFO:nitka.eventlog:{"timestamp": "2026-09-25T21:23:42.640845+00:00", "event": "record_warning", "file": "68543b2a58884d68afb5865fc1878ab2_documents_5.jsonl", "line": 187, "field": "author_name", "reason": "placeholder_text"}
INFO:nitka.eventlog:{"timestamp": "2026-09-25T21:23:42.640872+00:00", "event": "record_warning", "file": "68543b2a58884d68afb5865fc1878ab2_documents_5.jsonl", "line": 187, "field": "organization_name", "reason": "placeholder_text"}
INFO:nitka.eventlog:{"timestamp": "2026-09-25T21:23:42.640897+00:00", "event": "record_warning", "file": "68543b2a58884d68afb5865fc1878ab2_documents_5.jsonl", "line": 187, "field": "tags", "reason": "invalid_tag"}
INFO:nitka.eventlog:{"timestamp": "2026-09-25T21:23:42.640923+00:00", "event": "record_warning", "file": "68543b2a58884d68afb5865fc1878ab2_documents_5.jsonl", "line": 187, "field": "doi", "reason": "invalid_doi"}
INFO:nitka.eventlog:{"timestamp": "2026-09-25T21:23:42.640949+00:00", "event": "record_warning", "file": "68543b2a58884d68afb5865fc1878ab2_documents_5.jsonl", "line": 187, "field": "updated_at", "reason": "updated_before_published"}
INFO:nitka.eventlog:{"timestamp": "2026-09-25T21:23:42.640999+00:00", "event": "record_warning", "file": "68543b2a58884d68afb5865fc1878ab2_documents_5.jsonl", "line": 189, "field": "status", "reason": "invalid_status"}
INFO:nitka.eventlog:{"timestamp": "2026-09-25T21:23:42.641025+00:00", "event": "record_warning", "file": "68543b2a58884d68afb5865fc1878ab2_documents_5.jsonl", "line": 189, "field": "url", "reason": "invalid_url"}
INFO:nitka.eventlog:{"timestamp": "2026-09-25T21:23:42.641064+00:00", "event": "record_warning", "file": "68543b2a58884d68afb5865fc1878ab2_documents_5.jsonl", "line": 190, "field": "title", "reason": "missing_required_title"}
INFO:nitka.eventlog:{"timestamp": "2026-09-25T21:23:42.641077+00:00", "event": "document_not_inserted", "file": "68543b2a58884d68afb5865fc1878ab2_documents_5.jsonl", "line": 190, "external_id": "doc-000189", "title": null, "reason": "missing_required_title"}
INFO:nitka.eventlog:{"timestamp": "2026-09-25T21:23:42.641116+00:00", "event": "record_warning", "file": "68543b2a58884d68afb5865fc1878ab2_documents_5.jsonl", "line": 192, "field": "title", "reason": "missing_required_title"}
INFO:nitka.eventlog:{"timestamp": "2026-09-25T21:23:42.641129+00:00", "event": "document_not_inserted", "file": "68543b2a58884d68afb5865fc1878ab2_documents_5.jsonl", "line": 192, "external_id": null, "title": null, "reason": "missing_required_title"}
INFO:nitka.eventlog:{"timestamp": "2026-09-25T21:23:42.641154+00:00", "event": "record_warning", "file": "68543b2a58884d68afb5865fc1878ab2_documents_5.jsonl", "line": 193, "field": "title", "reason": "missing_required_title"}
INFO:nitka.eventlog:{"timestamp": "2026-09-25T21:23:42.641168+00:00", "event": "document_not_inserted", "file": "68543b2a58884d68afb5865fc1878ab2_documents_5.jsonl", "line": 193, "external_id": null, "title": null, "reason": "missing_required_title"}
INFO:nitka.eventlog:{"timestamp": "2026-09-25T21:23:42.641192+00:00", "event": "record_warning", "file": "68543b2a58884d68afb5865fc1878ab2_documents_5.jsonl", "line": 194, "field": "citation_count", "reason": "invalid_nonnegative_integer"}
INFO:nitka.eventlog:{"timestamp": "2026-09-25T21:23:42.641230+00:00", "event": "record_warning", "file": "68543b2a58884d68afb5865fc1878ab2_documents_5.jsonl", "line": 195, "field": "published_at", "reason": "invalid_date"}
INFO:nitka.eventlog:{"timestamp": "2026-09-25T21:23:42.641255+00:00", "event": "record_warning", "file": "68543b2a58884d68afb5865fc1878ab2_documents_5.jsonl", "line": 195, "field": "tags", "reason": "empty_tag"}
INFO:nitka.eventlog:{"timestamp": "2026-09-25T21:23:42.641294+00:00", "event": "record_warning", "file": "68543b2a58884d68afb5865fc1878ab2_documents_5.jsonl", "line": 196, "field": "title", "reason": "missing_required_title"}
INFO:nitka.eventlog:{"timestamp": "2026-09-25T21:23:42.641306+00:00", "event": "document_not_inserted", "file": "68543b2a58884d68afb5865fc1878ab2_documents_5.jsonl", "line": 196, "external_id": "doc-000195", "title": null, "reason": "missing_required_title"}
INFO:nitka.eventlog:{"timestamp": "2026-09-25T21:23:42.641331+00:00", "event": "record_warning", "file": "68543b2a58884d68afb5865fc1878ab2_documents_5.jsonl", "line": 197, "field": "title", "reason": "missing_required_title"}
INFO:nitka.eventlog:{"timestamp": "2026-09-25T21:23:42.641343+00:00", "event": "document_not_inserted", "file": "68543b2a58884d68afb5865fc1878ab2_documents_5.jsonl", "line": 197, "external_id": null, "title": null, "reason": "missing_required_title"}
INFO:nitka.eventlog:{"timestamp": "2026-09-25T21:23:42.641368+00:00", "event": "record_warning", "file": "68543b2a58884d68afb5865fc1878ab2_documents_5.jsonl", "line": 198, "field": "url", "reason": "invalid_url"}
INFO:nitka.eventlog:{"timestamp": "2026-09-25T21:23:42.641698+00:00", "event": "record_warning", "file": "68543b2a58884d68afb5865fc1878ab2_documents_5.jsonl", "line": 198, "field": "word_count", "reason": "invalid_nonnegative_integer"}
INFO:nitka.eventlog:{"timestamp": "2026-09-25T21:23:42.641739+00:00", "event": "record_warning", "file": "68543b2a58884d68afb5865fc1878ab2_documents_5.jsonl", "line": 198, "field": "updated_at", "reason": "updated_before_published"}
INFO:nitka.eventlog:{"timestamp": "2026-09-25T21:23:42.641801+00:00", "event": "record_warning", "file": "68543b2a58884d68afb5865fc1878ab2_documents_5.jsonl", "line": 200, "field": "title", "reason": "missing_required_title"}
INFO:nitka.eventlog:{"timestamp": "2026-09-25T21:23:42.641818+00:00", "event": "document_not_inserted", "file": "68543b2a58884d68afb5865fc1878ab2_documents_5.jsonl", "line": 200, "external_id": "doc-000199", "title": null, "reason": "missing_required_title"}
INFO:nitka.eventlog:{"timestamp": "2026-09-25T21:23:42.641846+00:00", "event": "record_warning", "file": "68543b2a58884d68afb5865fc1878ab2_documents_5.jsonl", "line": 201, "field": "updated_at", "reason": "updated_before_published"}
INFO:nitka.eventlog:{"timestamp": "2026-09-25T21:23:42.641901+00:00", "event": "record_warning", "file": "68543b2a58884d68afb5865fc1878ab2_documents_5.jsonl", "line": 202, "field": "title", "reason": "missing_required_title"}
INFO:nitka.eventlog:{"timestamp": "2026-09-25T21:23:42.641918+00:00", "event": "document_not_inserted", "file": "68543b2a58884d68afb5865fc1878ab2_documents_5.jsonl", "line": 202, "external_id": "doc-000201", "title": null, "reason": "missing_required_title"}
INFO:nitka.eventlog:{"timestamp": "2026-09-25T21:23:42.641945+00:00", "event": "record_warning", "file": "68543b2a58884d68afb5865fc1878ab2_documents_5.jsonl", "line": 203, "field": "status", "reason": "invalid_status"}
INFO:nitka.eventlog:{"timestamp": "2026-09-25T21:23:42.641972+00:00", "event": "record_warning", "file": "68543b2a58884d68afb5865fc1878ab2_documents_5.jsonl", "line": 203, "field": "doi", "reason": "invalid_doi"}
INFO:nitka.eventlog:{"timestamp": "2026-09-25T21:23:42.641999+00:00", "event": "record_warning", "file": "68543b2a58884d68afb5865fc1878ab2_documents_5.jsonl", "line": 203, "field": "updated_at", "reason": "updated_before_published"}
INFO:nitka.eventlog:{"timestamp": "2026-09-25T21:23:42.642039+00:00", "event": "record_warning", "file": "68543b2a58884d68afb5865fc1878ab2_documents_5.jsonl", "line": 204, "field": "title", "reason": "missing_required_title"}
INFO:nitka.eventlog:{"timestamp": "2026-09-25T21:23:42.642053+00:00", "event": "document_not_inserted", "file": "68543b2a58884d68afb5865fc1878ab2_documents_5.jsonl", "line": 204, "external_id": "doc-000203", "title": null, "reason": "missing_required_title"}
INFO:nitka.eventlog:{"timestamp": "2026-09-25T21:23:42.642079+00:00", "event": "record_warning", "file": "68543b2a58884d68afb5865fc1878ab2_documents_5.jsonl", "line": 205, "field": "updated_at", "reason": "updated_before_published"}
INFO:nitka.eventlog:{"timestamp": "2026-09-25T21:23:42.642132+00:00", "event": "record_warning", "file": "68543b2a58884d68afb5865fc1878ab2_documents_5.jsonl", "line": 207, "field": "title", "reason": "missing_required_title"}
INFO:nitka.eventlog:{"timestamp": "2026-09-25T21:23:42.642148+00:00", "event": "document_not_inserted", "file": "68543b2a58884d68afb5865fc1878ab2_documents_5.jsonl", "line": 207, "external_id": "doc-000206", "title": null, "reason": "missing_required_title"}
INFO:nitka.eventlog:{"timestamp": "2026-09-25T21:23:42.642174+00:00", "event": "record_warning", "file": "68543b2a58884d68afb5865fc1878ab2_documents_5.jsonl", "line": 208, "field": "updated_at", "reason": "updated_before_published"}
INFO:nitka.eventlog:{"timestamp": "2026-09-25T21:23:42.642214+00:00", "event": "record_warning", "file": "68543b2a58884d68afb5865fc1878ab2_documents_5.jsonl", "line": 209, "field": "updated_at", "reason": "updated_before_published"}
INFO:nitka.eventlog:{"timestamp": "2026-09-25T21:23:42.642266+00:00", "event": "record_warning", "file": "68543b2a58884d68afb5865fc1878ab2_documents_5.jsonl", "line": 211, "field": "tags", "reason": "invalid_tags"}
INFO:nitka.eventlog:{"timestamp": "2026-09-25T21:23:42.642320+00:00", "event": "record_warning", "file": "68543b2a58884d68afb5865fc1878ab2_documents_5.jsonl", "line": 213, "field": "title", "reason": "missing_required_title"}
INFO:nitka.eventlog:{"timestamp": "2026-09-25T21:23:42.642439+00:00", "event": "document_not_inserted", "file": "68543b2a58884d68afb5865fc1878ab2_documents_5.jsonl", "line": 213, "external_id": null, "title": null, "reason": "missing_required_title"}
INFO:nitka.eventlog:{"timestamp": "2026-09-25T21:23:42.642469+00:00", "event": "record_warning", "file": "68543b2a58884d68afb5865fc1878ab2_documents_5.jsonl", "line": 214, "field": "author_name", "reason": "placeholder_text"}
INFO:nitka.eventlog:{"timestamp": "2026-09-25T21:23:42.642509+00:00", "event": "record_warning", "file": "68543b2a58884d68afb5865fc1878ab2_documents_5.jsonl", "line": 215, "field": "title", "reason": "missing_required_title"}
INFO:nitka.eventlog:{"timestamp": "2026-09-25T21:23:42.642522+00:00", "event": "document_not_inserted", "file": "68543b2a58884d68afb5865fc1878ab2_documents_5.jsonl", "line": 215, "external_id": "doc-000214", "title": null, "reason": "missing_required_title"}
INFO:nitka.eventlog:{"timestamp": "2026-09-25T21:23:42.642729+00:00", "event": "record_warning", "file": "68543b2a58884d68afb5865fc1878ab2_documents_5.jsonl", "line": 217, "field": "tags", "reason": "invalid_tag"}
INFO:nitka.eventlog:{"timestamp": "2026-09-25T21:23:42.642777+00:00", "event": "record_warning", "file": "68543b2a58884d68afb5865fc1878ab2_documents_5.jsonl", "line": 217, "field": "updated_at", "reason": "updated_before_published"}
INFO:nitka.eventlog:{"timestamp": "2026-09-25T21:23:42.642828+00:00", "event": "record_warning", "file": "68543b2a58884d68afb5865fc1878ab2_documents_5.jsonl", "line": 218, "field": "title", "reason": "missing_required_title"}
INFO:nitka.eventlog:{"timestamp": "2026-09-25T21:23:42.642845+00:00", "event": "document_not_inserted", "file": "68543b2a58884d68afb5865fc1878ab2_documents_5.jsonl", "line": 218, "external_id": "duplicate-id", "title": null, "reason": "missing_required_title"}
INFO:nitka.eventlog:{"timestamp": "2026-09-25T21:23:42.642875+00:00", "event": "record_warning", "file": "68543b2a58884d68afb5865fc1878ab2_documents_5.jsonl", "line": 219, "field": "url", "reason": "invalid_url"}
INFO:nitka.eventlog:{"timestamp": "2026-09-25T21:23:42.642903+00:00", "event": "record_warning", "file": "68543b2a58884d68afb5865fc1878ab2_documents_5.jsonl", "line": 219, "field": "updated_at", "reason": "updated_before_published"}
INFO:nitka.eventlog:{"timestamp": "2026-09-25T21:23:42.642945+00:00", "event": "record_warning", "file": "68543b2a58884d68afb5865fc1878ab2_documents_5.jsonl", "line": 220, "field": "published_at", "reason": "invalid_date"}
INFO:nitka.eventlog:{"timestamp": "2026-09-25T21:23:42.642974+00:00", "event": "record_warning", "file": "68543b2a58884d68afb5865fc1878ab2_documents_5.jsonl", "line": 220, "field": "doi", "reason": "invalid_doi"}
INFO:nitka.eventlog:{"timestamp": "2026-09-25T21:23:42.643014+00:00", "event": "record_warning", "file": "68543b2a58884d68afb5865fc1878ab2_documents_5.jsonl", "line": 221, "field": "tags", "reason": "empty_tag"}
INFO:nitka.eventlog:{"timestamp": "2026-09-25T21:23:42.643041+00:00", "event": "record_warning", "file": "68543b2a58884d68afb5865fc1878ab2_documents_5.jsonl", "line": 221, "field": "updated_at", "reason": "updated_before_published"}
INFO:nitka.eventlog:{"timestamp": "2026-09-25T21:23:42.643082+00:00", "event": "record_warning", "file": "68543b2a58884d68afb5865fc1878ab2_documents_5.jsonl", "line": 222, "field": "title", "reason": "missing_required_title"}
INFO:nitka.eventlog:{"timestamp": "2026-09-25T21:23:42.643096+00:00", "event": "document_not_inserted", "file": "68543b2a58884d68afb5865fc1878ab2_documents_5.jsonl", "line": 222, "external_id": null, "title": null, "reason": "missing_required_title"}
INFO:nitka.eventlog:{"timestamp": "2026-09-25T21:23:42.643122+00:00", "event": "record_warning", "file": "68543b2a58884d68afb5865fc1878ab2_documents_5.jsonl", "line": 223, "field": "organization_name", "reason": "placeholder_text"}
INFO:nitka.eventlog:{"timestamp": "2026-09-25T21:23:42.643148+00:00", "event": "record_warning", "file": "68543b2a58884d68afb5865fc1878ab2_documents_5.jsonl", "line": 223, "field": "updated_at", "reason": "updated_before_published"}
INFO:nitka.eventlog:{"timestamp": "2026-09-25T21:23:42.643189+00:00", "event": "record_warning", "file": "68543b2a58884d68afb5865fc1878ab2_documents_5.jsonl", "line": 224, "field": "title", "reason": "missing_required_title"}
INFO:nitka.eventlog:{"timestamp": "2026-09-25T21:23:42.643204+00:00", "event": "document_not_inserted", "file": "68543b2a58884d68afb5865fc1878ab2_documents_5.jsonl", "line": 224, "external_id": "doc-000223", "title": null, "reason": "missing_required_title"}
INFO:nitka.eventlog:{"timestamp": "2026-09-25T21:23:42.643229+00:00", "event": "record_warning", "file": "68543b2a58884d68afb5865fc1878ab2_documents_5.jsonl", "line": 225, "field": "published_at", "reason": "invalid_date"}
INFO:nitka.eventlog:{"timestamp": "2026-09-25T21:23:42.643630+00:00", "event": "record_warning", "file": "68543b2a58884d68afb5865fc1878ab2_documents_5.jsonl", "line": 226, "field": "tags", "reason": "invalid_tags"}
INFO:nitka.eventlog:{"timestamp": "2026-09-25T21:23:42.643662+00:00", "event": "record_warning", "file": "68543b2a58884d68afb5865fc1878ab2_documents_5.jsonl", "line": 226, "field": "updated_at", "reason": "updated_before_published"}
INFO:nitka.eventlog:{"timestamp": "2026-09-25T21:23:42.643704+00:00", "event": "record_warning", "file": "68543b2a58884d68afb5865fc1878ab2_documents_5.jsonl", "line": 227, "field": "published_at", "reason": "invalid_date"}
INFO:nitka.eventlog:{"timestamp": "2026-09-25T21:23:42.643745+00:00", "event": "record_warning", "file": "68543b2a58884d68afb5865fc1878ab2_documents_5.jsonl", "line": 228, "field": "url", "reason": "invalid_url"}
INFO:nitka.eventlog:{"timestamp": "2026-09-25T21:23:42.643772+00:00", "event": "record_warning", "file": "68543b2a58884d68afb5865fc1878ab2_documents_5.jsonl", "line": 228, "field": "updated_at", "reason": "updated_before_published"}
INFO:nitka.eventlog:{"timestamp": "2026-09-25T21:23:42.643811+00:00", "event": "record_warning", "file": "68543b2a58884d68afb5865fc1878ab2_documents_5.jsonl", "line": 229, "field": "updated_at", "reason": "invalid_date"}
INFO:nitka.eventlog:{"timestamp": "2026-09-25T21:23:42.643851+00:00", "event": "record_warning", "file": "68543b2a58884d68afb5865fc1878ab2_documents_5.jsonl", "line": 230, "field": "organization_name", "reason": "placeholder_text"}
INFO:nitka.eventlog:{"timestamp": "2026-09-25T21:23:42.644764+00:00", "event": "record_warning", "file": "68543b2a58884d68afb5865fc1878ab2_documents_5.jsonl", "line": 230, "field": "tags", "reason": "invalid_tags"}
INFO:nitka.eventlog:{"timestamp": "2026-09-25T21:23:42.644792+00:00", "event": "record_warning", "file": "68543b2a58884d68afb5865fc1878ab2_documents_5.jsonl", "line": 230, "field": "status", "reason": "invalid_status"}
INFO:nitka.eventlog:{"timestamp": "2026-09-25T21:23:42.644818+00:00", "event": "record_warning", "file": "68543b2a58884d68afb5865fc1878ab2_documents_5.jsonl", "line": 230, "field": "url", "reason": "invalid_url"}
INFO:nitka.eventlog:{"timestamp": "2026-09-25T21:23:42.644843+00:00", "event": "record_warning", "file": "68543b2a58884d68afb5865fc1878ab2_documents_5.jsonl", "line": 230, "field": "updated_at", "reason": "updated_before_published"}
INFO:nitka.eventlog:{"timestamp": "2026-09-25T21:23:42.644880+00:00", "event": "record_warning", "file": "68543b2a58884d68afb5865fc1878ab2_documents_5.jsonl", "line": 231, "field": "organization_name", "reason": "invalid_text"}
INFO:nitka.eventlog:{"timestamp": "2026-09-25T21:23:42.644931+00:00", "event": "record_warning", "file": "68543b2a58884d68afb5865fc1878ab2_documents_5.jsonl", "line": 233, "field": "tags", "reason": "invalid_tag"}
INFO:nitka.eventlog:{"timestamp": "2026-09-25T21:23:42.645078+00:00", "event": "record_warning", "file": "68543b2a58884d68afb5865fc1878ab2_documents_5.jsonl", "line": 234, "field": "organization_name", "reason": "invalid_text"}
INFO:nitka.eventlog:{"timestamp": "2026-09-25T21:23:42.645115+00:00", "event": "record_warning", "file": "68543b2a58884d68afb5865fc1878ab2_documents_5.jsonl", "line": 234, "field": "status", "reason": "invalid_status"}
INFO:nitka.eventlog:{"timestamp": "2026-09-25T21:23:42.645154+00:00", "event": "record_warning", "file": "68543b2a58884d68afb5865fc1878ab2_documents_5.jsonl", "line": 235, "field": "updated_at", "reason": "updated_before_published"}
INFO:nitka.eventlog:{"timestamp": "2026-09-25T21:23:42.645192+00:00", "event": "record_warning", "file": "68543b2a58884d68afb5865fc1878ab2_documents_5.jsonl", "line": 236, "field": "published_at", "reason": "invalid_date"}
INFO:nitka.eventlog:{"timestamp": "2026-09-25T21:23:42.645230+00:00", "event": "record_warning", "file": "68543b2a58884d68afb5865fc1878ab2_documents_5.jsonl", "line": 237, "field": "published_at", "reason": "invalid_date"}
INFO:nitka.eventlog:{"timestamp": "2026-09-25T21:23:42.645256+00:00", "event": "record_warning", "file": "68543b2a58884d68afb5865fc1878ab2_documents_5.jsonl", "line": 237, "field": "updated_at", "reason": "invalid_date"}
INFO:nitka.eventlog:{"timestamp": "2026-09-25T21:23:42.645308+00:00", "event": "record_warning", "file": "68543b2a58884d68afb5865fc1878ab2_documents_5.jsonl", "line": 239, "field": "status", "reason": "invalid_status"}
INFO:nitka.eventlog:{"timestamp": "2026-09-25T21:23:42.645347+00:00", "event": "record_warning", "file": "68543b2a58884d68afb5865fc1878ab2_documents_5.jsonl", "line": 240, "field": "updated_at", "reason": "updated_before_published"}
INFO:nitka.eventlog:{"timestamp": "2026-09-25T21:23:42.645386+00:00", "event": "record_warning", "file": "68543b2a58884d68afb5865fc1878ab2_documents_5.jsonl", "line": 241, "field": "updated_at", "reason": "updated_before_published"}
INFO:nitka.eventlog:{"timestamp": "2026-09-25T21:23:42.645425+00:00", "event": "record_warning", "file": "68543b2a58884d68afb5865fc1878ab2_documents_5.jsonl", "line": 242, "field": "word_count", "reason": "invalid_nonnegative_integer"}
INFO:nitka.eventlog:{"timestamp": "2026-09-25T21:23:42.645452+00:00", "event": "record_warning", "file": "68543b2a58884d68afb5865fc1878ab2_documents_5.jsonl", "line": 242, "field": "updated_at", "reason": "updated_before_published"}
INFO:nitka.eventlog:{"timestamp": "2026-09-25T21:23:42.645489+00:00", "event": "record_warning", "file": "68543b2a58884d68afb5865fc1878ab2_documents_5.jsonl", "line": 243, "field": "updated_at", "reason": "invalid_date"}
INFO:nitka.eventlog:{"timestamp": "2026-09-25T21:23:42.645514+00:00", "event": "record_warning", "file": "68543b2a58884d68afb5865fc1878ab2_documents_5.jsonl", "line": 243, "field": "status", "reason": "invalid_status"}
INFO:nitka.eventlog:{"timestamp": "2026-09-25T21:23:42.645551+00:00", "event": "record_warning", "file": "68543b2a58884d68afb5865fc1878ab2_documents_5.jsonl", "line": 244, "field": "updated_at", "reason": "updated_before_published"}
INFO:nitka.eventlog:{"timestamp": "2026-09-25T21:23:42.645590+00:00", "event": "record_warning", "file": "68543b2a58884d68afb5865fc1878ab2_documents_5.jsonl", "line": 245, "field": "published_at", "reason": "invalid_date"}
INFO:nitka.eventlog:{"timestamp": "2026-09-25T21:23:42.645629+00:00", "event": "record_warning", "file": "68543b2a58884d68afb5865fc1878ab2_documents_5.jsonl", "line": 246, "field": "title", "reason": "missing_required_title"}
INFO:nitka.eventlog:{"timestamp": "2026-09-25T21:23:42.645643+00:00", "event": "document_not_inserted", "file": "68543b2a58884d68afb5865fc1878ab2_documents_5.jsonl", "line": 246, "external_id": "doc-000245", "title": null, "reason": "missing_required_title"}
INFO:nitka.eventlog:{"timestamp": "2026-09-25T21:23:42.645669+00:00", "event": "record_warning", "file": "68543b2a58884d68afb5865fc1878ab2_documents_5.jsonl", "line": 247, "field": "title", "reason": "missing_required_title"}
INFO:nitka.eventlog:{"timestamp": "2026-09-25T21:23:42.645682+00:00", "event": "document_not_inserted", "file": "68543b2a58884d68afb5865fc1878ab2_documents_5.jsonl", "line": 247, "external_id": "doc-000246", "title": null, "reason": "missing_required_title"}
INFO:nitka.eventlog:{"timestamp": "2026-09-25T21:23:42.645707+00:00", "event": "record_warning", "file": "68543b2a58884d68afb5865fc1878ab2_documents_5.jsonl", "line": 248, "field": "title", "reason": "missing_required_title"}
INFO:nitka.eventlog:{"timestamp": "2026-09-25T21:23:42.645720+00:00", "event": "document_not_inserted", "file": "68543b2a58884d68afb5865fc1878ab2_documents_5.jsonl", "line": 248, "external_id": null, "title": null, "reason": "missing_required_title"}
INFO:nitka.eventlog:{"timestamp": "2026-09-25T21:23:42.645745+00:00", "event": "record_warning", "file": "68543b2a58884d68afb5865fc1878ab2_documents_5.jsonl", "line": 249, "field": "organization_name", "reason": "placeholder_text"}
INFO:nitka.eventlog:{"timestamp": "2026-09-25T21:23:42.645784+00:00", "event": "record_warning", "file": "68543b2a58884d68afb5865fc1878ab2_documents_5.jsonl", "line": 250, "field": "title", "reason": "missing_required_title"}
INFO:nitka.eventlog:{"timestamp": "2026-09-25T21:23:42.645797+00:00", "event": "document_not_inserted", "file": "68543b2a58884d68afb5865fc1878ab2_documents_5.jsonl", "line": 250, "external_id": "doc-000249", "title": null, "reason": "missing_required_title"}
INFO:nitka.eventlog:{"timestamp": "2026-09-25T21:23:42.698286+00:00", "event": "record_warning", "file": "68543b2a58884d68afb5865fc1878ab2_documents_5.jsonl", "line": 251, "field": "language", "reason": "unknown_language"}
INFO:nitka.eventlog:{"timestamp": "2026-09-25T21:23:42.698391+00:00", "event": "record_warning", "file": "68543b2a58884d68afb5865fc1878ab2_documents_5.jsonl", "line": 251, "field": "citation_count", "reason": "invalid_nonnegative_integer"}
INFO:nitka.eventlog:{"timestamp": "2026-09-25T21:23:42.698427+00:00", "event": "record_warning", "file": "68543b2a58884d68afb5865fc1878ab2_documents_5.jsonl", "line": 251, "field": "updated_at", "reason": "updated_before_published"}
INFO:nitka.eventlog:{"timestamp": "2026-09-25T21:23:42.698475+00:00", "event": "record_warning", "file": "68543b2a58884d68afb5865fc1878ab2_documents_5.jsonl", "line": 252, "field": "title", "reason": "missing_required_title"}
INFO:nitka.eventlog:{"timestamp": "2026-09-25T21:23:42.698491+00:00", "event": "document_not_inserted", "file": "68543b2a58884d68afb5865fc1878ab2_documents_5.jsonl", "line": 252, "external_id": null, "title": null, "reason": "missing_required_title"}
INFO:nitka.eventlog:{"timestamp": "2026-09-25T21:23:42.698517+00:00", "event": "record_warning", "file": "68543b2a58884d68afb5865fc1878ab2_documents_5.jsonl", "line": 253, "field": "tags", "reason": "empty_tag"}
INFO:nitka.eventlog:{"timestamp": "2026-09-25T21:23:42.698541+00:00", "event": "record_warning", "file": "68543b2a58884d68afb5865fc1878ab2_documents_5.jsonl", "line": 253, "field": "url", "reason": "invalid_url"}
INFO:nitka.eventlog:{"timestamp": "2026-09-25T21:23:42.698565+00:00", "event": "record_warning", "file": "68543b2a58884d68afb5865fc1878ab2_documents_5.jsonl", "line": 253, "field": "word_count", "reason": "invalid_nonnegative_integer"}
INFO:nitka.eventlog:{"timestamp": "2026-09-25T21:23:42.698602+00:00", "event": "record_warning", "file": "68543b2a58884d68afb5865fc1878ab2_documents_5.jsonl", "line": 254, "field": "status", "reason": "invalid_status"}
INFO:nitka.eventlog:{"timestamp": "2026-09-25T21:23:42.698626+00:00", "event": "record_warning", "file": "68543b2a58884d68afb5865fc1878ab2_documents_5.jsonl", "line": 254, "field": "url", "reason": "invalid_url"}
INFO:nitka.eventlog:{"timestamp": "2026-09-25T21:23:42.698649+00:00", "event": "record_warning", "file": "68543b2a58884d68afb5865fc1878ab2_documents_5.jsonl", "line": 254, "field": "updated_at", "reason": "updated_before_published"}
INFO:nitka.eventlog:{"timestamp": "2026-09-25T21:23:42.698685+00:00", "event": "record_warning", "file": "68543b2a58884d68afb5865fc1878ab2_documents_5.jsonl", "line": 255, "field": "title", "reason": "missing_required_title"}
INFO:nitka.eventlog:{"timestamp": "2026-09-25T21:23:42.698697+00:00", "event": "document_not_inserted", "file": "68543b2a58884d68afb5865fc1878ab2_documents_5.jsonl", "line": 255, "external_id": null, "title": null, "reason": "missing_required_title"}
INFO:nitka.eventlog:{"timestamp": "2026-09-25T21:23:42.698720+00:00", "event": "record_warning", "file": "68543b2a58884d68afb5865fc1878ab2_documents_5.jsonl", "line": 256, "field": "status", "reason": "invalid_status"}
INFO:nitka.eventlog:{"timestamp": "2026-09-25T21:23:42.698755+00:00", "event": "record_warning", "file": "68543b2a58884d68afb5865fc1878ab2_documents_5.jsonl", "line": 257, "field": "status", "reason": "invalid_status"}
INFO:nitka.eventlog:{"timestamp": "2026-09-25T21:23:42.698792+00:00", "event": "record_warning", "file": "68543b2a58884d68afb5865fc1878ab2_documents_5.jsonl", "line": 258, "field": "updated_at", "reason": "invalid_date"}
INFO:nitka.eventlog:{"timestamp": "2026-09-25T21:23:42.698816+00:00", "event": "record_warning", "file": "68543b2a58884d68afb5865fc1878ab2_documents_5.jsonl", "line": 258, "field": "word_count", "reason": "invalid_nonnegative_integer"}
INFO:nitka.eventlog:{"timestamp": "2026-09-25T21:23:42.698853+00:00", "event": "record_warning", "file": "68543b2a58884d68afb5865fc1878ab2_documents_5.jsonl", "line": 259, "field": "title", "reason": "missing_required_title"}
INFO:nitka.eventlog:{"timestamp": "2026-09-25T21:23:42.698866+00:00", "event": "document_not_inserted", "file": "68543b2a58884d68afb5865fc1878ab2_documents_5.jsonl", "line": 259, "external_id": null, "title": null, "reason": "missing_required_title"}
INFO:nitka.eventlog:{"timestamp": "2026-09-25T21:23:42.698890+00:00", "event": "record_warning", "file": "68543b2a58884d68afb5865fc1878ab2_documents_5.jsonl", "line": 260, "field": "published_at", "reason": "invalid_date"}
INFO:nitka.eventlog:{"timestamp": "2026-09-25T21:23:42.698926+00:00", "event": "record_warning", "file": "68543b2a58884d68afb5865fc1878ab2_documents_5.jsonl", "line": 261, "field": "tags", "reason": "empty_tag"}
INFO:nitka.eventlog:{"timestamp": "2026-09-25T21:23:42.698951+00:00", "event": "record_warning", "file": "68543b2a58884d68afb5865fc1878ab2_documents_5.jsonl", "line": 261, "field": "doi", "reason": "invalid_doi"}
INFO:nitka.eventlog:{"timestamp": "2026-09-25T21:23:42.698987+00:00", "event": "record_warning", "file": "68543b2a58884d68afb5865fc1878ab2_documents_5.jsonl", "line": 262, "field": "title", "reason": "missing_required_title"}
INFO:nitka.eventlog:{"timestamp": "2026-09-25T21:23:42.699001+00:00", "event": "document_not_inserted", "file": "68543b2a58884d68afb5865fc1878ab2_documents_5.jsonl", "line": 262, "external_id": "doc-000261", "title": null, "reason": "missing_required_title"}
INFO:nitka.eventlog:{"timestamp": "2026-09-25T21:23:42.699037+00:00", "event": "record_warning", "file": "68543b2a58884d68afb5865fc1878ab2_documents_5.jsonl", "line": 264, "field": "status", "reason": "invalid_status"}
INFO:nitka.eventlog:{"timestamp": "2026-09-25T21:23:42.699123+00:00", "event": "record_warning", "file": "68543b2a58884d68afb5865fc1878ab2_documents_5.jsonl", "line": 265, "field": "doi", "reason": "invalid_doi"}
INFO:nitka.eventlog:{"timestamp": "2026-09-25T21:23:42.699157+00:00", "event": "record_warning", "file": "68543b2a58884d68afb5865fc1878ab2_documents_5.jsonl", "line": 265, "field": "updated_at", "reason": "updated_before_published"}
INFO:nitka.eventlog:{"timestamp": "2026-09-25T21:23:42.699192+00:00", "event": "record_warning", "file": "68543b2a58884d68afb5865fc1878ab2_documents_5.jsonl", "line": 266, "field": "updated_at", "reason": "updated_before_published"}
INFO:nitka.eventlog:{"timestamp": "2026-09-25T21:23:42.699229+00:00", "event": "record_warning", "file": "68543b2a58884d68afb5865fc1878ab2_documents_5.jsonl", "line": 267, "field": "status", "reason": "invalid_status"}
INFO:nitka.eventlog:{"timestamp": "2026-09-25T21:23:42.699252+00:00", "event": "record_warning", "file": "68543b2a58884d68afb5865fc1878ab2_documents_5.jsonl", "line": 267, "field": "url", "reason": "invalid_url"}
INFO:nitka.eventlog:{"timestamp": "2026-09-25T21:23:42.699299+00:00", "event": "record_warning", "file": "68543b2a58884d68afb5865fc1878ab2_documents_5.jsonl", "line": 269, "field": "updated_at", "reason": "updated_before_published"}
INFO:nitka.eventlog:{"timestamp": "2026-09-25T21:23:42.699335+00:00", "event": "record_warning", "file": "68543b2a58884d68afb5865fc1878ab2_documents_5.jsonl", "line": 270, "field": "title", "reason": "missing_required_title"}
INFO:nitka.eventlog:{"timestamp": "2026-09-25T21:23:42.699348+00:00", "event": "document_not_inserted", "file": "68543b2a58884d68afb5865fc1878ab2_documents_5.jsonl", "line": 270, "external_id": "duplicate-id", "title": null, "reason": "missing_required_title"}
INFO:nitka.eventlog:{"timestamp": "2026-09-25T21:23:42.699372+00:00", "event": "record_warning", "file": "68543b2a58884d68afb5865fc1878ab2_documents_5.jsonl", "line": 271, "field": "title", "reason": "missing_required_title"}
INFO:nitka.eventlog:{"timestamp": "2026-09-25T21:23:42.699383+00:00", "event": "document_not_inserted", "file": "68543b2a58884d68afb5865fc1878ab2_documents_5.jsonl", "line": 271, "external_id": "doc-000270", "title": null, "reason": "missing_required_title"}
INFO:nitka.eventlog:{"timestamp": "2026-09-25T21:23:42.699417+00:00", "event": "record_warning", "file": "68543b2a58884d68afb5865fc1878ab2_documents_5.jsonl", "line": 273, "field": "organization_name", "reason": "invalid_text"}
INFO:nitka.eventlog:{"timestamp": "2026-09-25T21:23:42.699439+00:00", "event": "record_warning", "file": "68543b2a58884d68afb5865fc1878ab2_documents_5.jsonl", "line": 273, "field": "updated_at", "reason": "updated_before_published"}
INFO:nitka.eventlog:{"timestamp": "2026-09-25T21:23:42.699472+00:00", "event": "record_warning", "file": "68543b2a58884d68afb5865fc1878ab2_documents_5.jsonl", "line": 274, "field": "updated_at", "reason": "updated_before_published"}
INFO:nitka.eventlog:{"timestamp": "2026-09-25T21:23:42.699517+00:00", "event": "record_warning", "file": "68543b2a58884d68afb5865fc1878ab2_documents_5.jsonl", "line": 276, "field": "title", "reason": "missing_required_title"}
INFO:nitka.eventlog:{"timestamp": "2026-09-25T21:23:42.699532+00:00", "event": "document_not_inserted", "file": "68543b2a58884d68afb5865fc1878ab2_documents_5.jsonl", "line": 276, "external_id": null, "title": null, "reason": "missing_required_title"}
INFO:nitka.eventlog:{"timestamp": "2026-09-25T21:23:42.699554+00:00", "event": "record_warning", "file": "68543b2a58884d68afb5865fc1878ab2_documents_5.jsonl", "line": 277, "field": "published_at", "reason": "invalid_date"}
INFO:nitka.eventlog:{"timestamp": "2026-09-25T21:23:42.699588+00:00", "event": "record_warning", "file": "68543b2a58884d68afb5865fc1878ab2_documents_5.jsonl", "line": 278, "field": "status", "reason": "invalid_status"}
INFO:nitka.eventlog:{"timestamp": "2026-09-25T21:23:42.699612+00:00", "event": "record_warning", "file": "68543b2a58884d68afb5865fc1878ab2_documents_5.jsonl", "line": 278, "field": "citation_count", "reason": "invalid_nonnegative_integer"}
INFO:nitka.eventlog:{"timestamp": "2026-09-25T21:23:42.699633+00:00", "event": "record_warning", "file": "68543b2a58884d68afb5865fc1878ab2_documents_5.jsonl", "line": 278, "field": "updated_at", "reason": "updated_before_published"}
INFO:nitka.eventlog:{"timestamp": "2026-09-25T21:23:42.699666+00:00", "event": "record_warning", "file": "68543b2a58884d68afb5865fc1878ab2_documents_5.jsonl", "line": 279, "field": "published_at", "reason": "invalid_date"}
INFO:nitka.eventlog:{"timestamp": "2026-09-25T21:23:42.699702+00:00", "event": "record_warning", "file": "68543b2a58884d68afb5865fc1878ab2_documents_5.jsonl", "line": 280, "field": "title", "reason": "missing_required_title"}
INFO:nitka.eventlog:{"timestamp": "2026-09-25T21:23:42.699717+00:00", "event": "document_not_inserted", "file": "68543b2a58884d68afb5865fc1878ab2_documents_5.jsonl", "line": 280, "external_id": "doc-000279", "title": null, "reason": "missing_required_title"}
INFO:nitka.eventlog:{"timestamp": "2026-09-25T21:23:42.699739+00:00", "event": "record_warning", "file": "68543b2a58884d68afb5865fc1878ab2_documents_5.jsonl", "line": 281, "field": "author_name", "reason": "invalid_text"}
INFO:nitka.eventlog:{"timestamp": "2026-09-25T21:23:42.699775+00:00", "event": "record_warning", "file": "68543b2a58884d68afb5865fc1878ab2_documents_5.jsonl", "line": 282, "field": "status", "reason": "invalid_status"}
INFO:nitka.eventlog:{"timestamp": "2026-09-25T21:23:42.699822+00:00", "event": "record_warning", "file": "68543b2a58884d68afb5865fc1878ab2_documents_5.jsonl", "line": 284, "field": "status", "reason": "invalid_status"}
INFO:nitka.eventlog:{"timestamp": "2026-09-25T21:23:42.699846+00:00", "event": "record_warning", "file": "68543b2a58884d68afb5865fc1878ab2_documents_5.jsonl", "line": 284, "field": "language", "reason": "unknown_language"}
INFO:nitka.eventlog:{"timestamp": "2026-09-25T21:23:42.699868+00:00", "event": "record_warning", "file": "68543b2a58884d68afb5865fc1878ab2_documents_5.jsonl", "line": 284, "field": "updated_at", "reason": "updated_before_published"}
INFO:nitka.eventlog:{"timestamp": "2026-09-25T21:23:42.699902+00:00", "event": "record_warning", "file": "68543b2a58884d68afb5865fc1878ab2_documents_5.jsonl", "line": 285, "field": "updated_at", "reason": "updated_before_published"}
INFO:nitka.eventlog:{"timestamp": "2026-09-25T21:23:42.699937+00:00", "event": "record_warning", "file": "68543b2a58884d68afb5865fc1878ab2_documents_5.jsonl", "line": 286, "field": "published_at", "reason": "invalid_date"}
INFO:nitka.eventlog:{"timestamp": "2026-09-25T21:23:42.699959+00:00", "event": "record_warning", "file": "68543b2a58884d68afb5865fc1878ab2_documents_5.jsonl", "line": 286, "field": "updated_at", "reason": "invalid_date"}
INFO:nitka.eventlog:{"timestamp": "2026-09-25T21:23:42.700004+00:00", "event": "record_warning", "file": "68543b2a58884d68afb5865fc1878ab2_documents_5.jsonl", "line": 288, "field": "status", "reason": "invalid_status"}
INFO:nitka.eventlog:{"timestamp": "2026-09-25T21:23:42.700028+00:00", "event": "record_warning", "file": "68543b2a58884d68afb5865fc1878ab2_documents_5.jsonl", "line": 288, "field": "citation_count", "reason": "invalid_nonnegative_integer"}
INFO:nitka.eventlog:{"timestamp": "2026-09-25T21:23:42.700049+00:00", "event": "record_warning", "file": "68543b2a58884d68afb5865fc1878ab2_documents_5.jsonl", "line": 288, "field": "updated_at", "reason": "updated_before_published"}
INFO:nitka.eventlog:{"timestamp": "2026-09-25T21:23:42.700082+00:00", "event": "record_warning", "file": "68543b2a58884d68afb5865fc1878ab2_documents_5.jsonl", "line": 289, "field": "organization_name", "reason": "placeholder_text"}
INFO:nitka.eventlog:{"timestamp": "2026-09-25T21:23:42.700118+00:00", "event": "record_warning", "file": "68543b2a58884d68afb5865fc1878ab2_documents_5.jsonl", "line": 290, "field": "title", "reason": "missing_required_title"}
INFO:nitka.eventlog:{"timestamp": "2026-09-25T21:23:42.700130+00:00", "event": "document_not_inserted", "file": "68543b2a58884d68afb5865fc1878ab2_documents_5.jsonl", "line": 290, "external_id": "doc-000289", "title": null, "reason": "missing_required_title"}
INFO:nitka.eventlog:{"timestamp": "2026-09-25T21:23:42.700163+00:00", "event": "record_warning", "file": "68543b2a58884d68afb5865fc1878ab2_documents_5.jsonl", "line": 292, "field": "title", "reason": "missing_required_title"}
INFO:nitka.eventlog:{"timestamp": "2026-09-25T21:23:42.700177+00:00", "event": "document_not_inserted", "file": "68543b2a58884d68afb5865fc1878ab2_documents_5.jsonl", "line": 292, "external_id": null, "title": null, "reason": "missing_required_title"}
INFO:nitka.eventlog:{"timestamp": "2026-09-25T21:23:42.700219+00:00", "event": "record_warning", "file": "68543b2a58884d68afb5865fc1878ab2_documents_5.jsonl", "line": 295, "field": "doi", "reason": "invalid_doi"}
INFO:nitka.eventlog:{"timestamp": "2026-09-25T21:23:42.700242+00:00", "event": "record_warning", "file": "68543b2a58884d68afb5865fc1878ab2_documents_5.jsonl", "line": 295, "field": "updated_at", "reason": "updated_before_published"}
INFO:nitka.eventlog:{"timestamp": "2026-09-25T21:23:42.700273+00:00", "event": "record_warning", "file": "68543b2a58884d68afb5865fc1878ab2_documents_5.jsonl", "line": 296, "field": "updated_at", "reason": "invalid_date"}
INFO:nitka.eventlog:{"timestamp": "2026-09-25T21:23:42.700294+00:00", "event": "record_warning", "file": "68543b2a58884d68afb5865fc1878ab2_documents_5.jsonl", "line": 296, "field": "status", "reason": "invalid_status"}
INFO:nitka.eventlog:{"timestamp": "2026-09-25T21:23:42.700326+00:00", "event": "record_warning", "file": "68543b2a58884d68afb5865fc1878ab2_documents_5.jsonl", "line": 297, "field": "updated_at", "reason": "updated_before_published"}
INFO:nitka.eventlog:{"timestamp": "2026-09-25T21:23:42.700360+00:00", "event": "record_warning", "file": "68543b2a58884d68afb5865fc1878ab2_documents_5.jsonl", "line": 298, "field": "title", "reason": "missing_required_title"}
INFO:nitka.eventlog:{"timestamp": "2026-09-25T21:23:42.700371+00:00", "event": "document_not_inserted", "file": "68543b2a58884d68afb5865fc1878ab2_documents_5.jsonl", "line": 298, "external_id": "doc-000297", "title": null, "reason": "missing_required_title"}
INFO:nitka.eventlog:{"timestamp": "2026-09-25T21:23:42.700402+00:00", "event": "record_warning", "file": "68543b2a58884d68afb5865fc1878ab2_documents_5.jsonl", "line": 300, "field": "updated_at", "reason": "updated_before_published"}
INFO:nitka.eventlog:{"timestamp": "2026-09-25T21:23:42.700437+00:00", "event": "record_warning", "file": "68543b2a58884d68afb5865fc1878ab2_documents_5.jsonl", "line": 301, "field": "title", "reason": "missing_required_title"}
INFO:nitka.eventlog:{"timestamp": "2026-09-25T21:23:42.700451+00:00", "event": "document_not_inserted", "file": "68543b2a58884d68afb5865fc1878ab2_documents_5.jsonl", "line": 301, "external_id": "doc-000300", "title": null, "reason": "missing_required_title"}
INFO:nitka.eventlog:{"timestamp": "2026-09-25T21:23:42.700472+00:00", "event": "record_warning", "file": "68543b2a58884d68afb5865fc1878ab2_documents_5.jsonl", "line": 302, "field": "updated_at", "reason": "updated_before_published"}
INFO:nitka.eventlog:{"timestamp": "2026-09-25T21:23:42.700505+00:00", "event": "record_warning", "file": "68543b2a58884d68afb5865fc1878ab2_documents_5.jsonl", "line": 303, "field": "status", "reason": "invalid_status"}
INFO:nitka.eventlog:{"timestamp": "2026-09-25T21:23:42.700538+00:00", "event": "record_warning", "file": "68543b2a58884d68afb5865fc1878ab2_documents_5.jsonl", "line": 304, "field": "language", "reason": "unknown_language"}
INFO:nitka.eventlog:{"timestamp": "2026-09-25T21:23:42.700561+00:00", "event": "record_warning", "file": "68543b2a58884d68afb5865fc1878ab2_documents_5.jsonl", "line": 304, "field": "citation_count", "reason": "invalid_nonnegative_integer"}
INFO:nitka.eventlog:{"timestamp": "2026-09-25T21:23:42.700582+00:00", "event": "record_warning", "file": "68543b2a58884d68afb5865fc1878ab2_documents_5.jsonl", "line": 304, "field": "updated_at", "reason": "updated_before_published"}
INFO:nitka.eventlog:{"timestamp": "2026-09-25T21:23:42.700618+00:00", "event": "record_warning", "file": "68543b2a58884d68afb5865fc1878ab2_documents_5.jsonl", "line": 305, "field": "updated_at", "reason": "updated_before_published"}
INFO:nitka.eventlog:{"timestamp": "2026-09-25T21:23:42.700652+00:00", "event": "record_warning", "file": "68543b2a58884d68afb5865fc1878ab2_documents_5.jsonl", "line": 306, "field": "doi", "reason": "invalid_doi"}
INFO:nitka.eventlog:{"timestamp": "2026-09-25T21:23:42.700675+00:00", "event": "record_warning", "file": "68543b2a58884d68afb5865fc1878ab2_documents_5.jsonl", "line": 306, "field": "updated_at", "reason": "updated_before_published"}
INFO:nitka.eventlog:{"timestamp": "2026-09-25T21:23:42.700706+00:00", "event": "record_warning", "file": "68543b2a58884d68afb5865fc1878ab2_documents_5.jsonl", "line": 307, "field": "status", "reason": "invalid_status"}
INFO:nitka.eventlog:{"timestamp": "2026-09-25T21:23:42.700729+00:00", "event": "record_warning", "file": "68543b2a58884d68afb5865fc1878ab2_documents_5.jsonl", "line": 307, "field": "updated_at", "reason": "updated_before_published"}
INFO:nitka.eventlog:{"timestamp": "2026-09-25T21:23:42.700760+00:00", "event": "record_warning", "file": "68543b2a58884d68afb5865fc1878ab2_documents_5.jsonl", "line": 308, "field": "tags", "reason": "invalid_tag"}
INFO:nitka.eventlog:{"timestamp": "2026-09-25T21:23:42.700781+00:00", "event": "record_warning", "file": "68543b2a58884d68afb5865fc1878ab2_documents_5.jsonl", "line": 308, "field": "updated_at", "reason": "updated_before_published"}
INFO:nitka.eventlog:{"timestamp": "2026-09-25T21:23:42.700814+00:00", "event": "record_warning", "file": "68543b2a58884d68afb5865fc1878ab2_documents_5.jsonl", "line": 309, "field": "title", "reason": "missing_required_title"}
INFO:nitka.eventlog:{"timestamp": "2026-09-25T21:23:42.700825+00:00", "event": "document_not_inserted", "file": "68543b2a58884d68afb5865fc1878ab2_documents_5.jsonl", "line": 309, "external_id": null, "title": null, "reason": "missing_required_title"}
INFO:nitka.eventlog:{"timestamp": "2026-09-25T21:23:42.700847+00:00", "event": "record_warning", "file": "68543b2a58884d68afb5865fc1878ab2_documents_5.jsonl", "line": 310, "field": "title", "reason": "missing_required_title"}
INFO:nitka.eventlog:{"timestamp": "2026-09-25T21:23:42.700857+00:00", "event": "document_not_inserted", "file": "68543b2a58884d68afb5865fc1878ab2_documents_5.jsonl", "line": 310, "external_id": "doc-000309", "title": null, "reason": "missing_required_title"}
INFO:nitka.eventlog:{"timestamp": "2026-09-25T21:23:42.700878+00:00", "event": "record_warning", "file": "68543b2a58884d68afb5865fc1878ab2_documents_5.jsonl", "line": 311, "field": "published_at", "reason": "invalid_date"}
INFO:nitka.eventlog:{"timestamp": "2026-09-25T21:23:42.700899+00:00", "event": "record_warning", "file": "68543b2a58884d68afb5865fc1878ab2_documents_5.jsonl", "line": 311, "field": "status", "reason": "invalid_status"}
INFO:nitka.eventlog:{"timestamp": "2026-09-25T21:23:42.700932+00:00", "event": "record_warning", "file": "68543b2a58884d68afb5865fc1878ab2_documents_5.jsonl", "line": 312, "field": "title", "reason": "missing_required_title"}
INFO:nitka.eventlog:{"timestamp": "2026-09-25T21:23:42.700946+00:00", "event": "document_not_inserted", "file": "68543b2a58884d68afb5865fc1878ab2_documents_5.jsonl", "line": 312, "external_id": "doc-000311", "title": null, "reason": "missing_required_title"}
INFO:nitka.eventlog:{"timestamp": "2026-09-25T21:23:42.700967+00:00", "event": "record_warning", "file": "68543b2a58884d68afb5865fc1878ab2_documents_5.jsonl", "line": 313, "field": "title", "reason": "missing_required_title"}
INFO:nitka.eventlog:{"timestamp": "2026-09-25T21:23:42.700980+00:00", "event": "document_not_inserted", "file": "68543b2a58884d68afb5865fc1878ab2_documents_5.jsonl", "line": 313, "external_id": null, "title": null, "reason": "missing_required_title"}
INFO:nitka.eventlog:{"timestamp": "2026-09-25T21:23:42.701002+00:00", "event": "record_warning", "file": "68543b2a58884d68afb5865fc1878ab2_documents_5.jsonl", "line": 314, "field": "organization_name", "reason": "invalid_text"}
INFO:nitka.eventlog:{"timestamp": "2026-09-25T21:23:42.701026+00:00", "event": "record_warning", "file": "68543b2a58884d68afb5865fc1878ab2_documents_5.jsonl", "line": 314, "field": "published_at", "reason": "invalid_date"}
INFO:nitka.eventlog:{"timestamp": "2026-09-25T21:23:42.701051+00:00", "event": "record_warning", "file": "68543b2a58884d68afb5865fc1878ab2_documents_5.jsonl", "line": 314, "field": "status", "reason": "invalid_status"}
INFO:nitka.eventlog:{"timestamp": "2026-09-25T21:23:42.701087+00:00", "event": "record_warning", "file": "68543b2a58884d68afb5865fc1878ab2_documents_5.jsonl", "line": 315, "field": "updated_at", "reason": "updated_before_published"}
INFO:nitka.eventlog:{"timestamp": "2026-09-25T21:23:42.701123+00:00", "event": "record_warning", "file": "68543b2a58884d68afb5865fc1878ab2_documents_5.jsonl", "line": 316, "field": "tags", "reason": "invalid_tag"}
INFO:nitka.eventlog:{"timestamp": "2026-09-25T21:23:42.701148+00:00", "event": "record_warning", "file": "68543b2a58884d68afb5865fc1878ab2_documents_5.jsonl", "line": 316, "field": "citation_count", "reason": "invalid_nonnegative_integer"}
INFO:nitka.eventlog:{"timestamp": "2026-09-25T21:23:42.701184+00:00", "event": "record_warning", "file": "68543b2a58884d68afb5865fc1878ab2_documents_5.jsonl", "line": 317, "field": "published_at", "reason": "invalid_date"}
INFO:nitka.eventlog:{"timestamp": "2026-09-25T21:23:42.701209+00:00", "event": "record_warning", "file": "68543b2a58884d68afb5865fc1878ab2_documents_5.jsonl", "line": 317, "field": "status", "reason": "invalid_status"}
INFO:nitka.eventlog:{"timestamp": "2026-09-25T21:23:42.701233+00:00", "event": "record_warning", "file": "68543b2a58884d68afb5865fc1878ab2_documents_5.jsonl", "line": 317, "field": "citation_count", "reason": "invalid_nonnegative_integer"}
INFO:nitka.eventlog:{"timestamp": "2026-09-25T21:23:42.701269+00:00", "event": "record_warning", "file": "68543b2a58884d68afb5865fc1878ab2_documents_5.jsonl", "line": 318, "field": "word_count", "reason": "invalid_nonnegative_integer"}
INFO:nitka.eventlog:{"timestamp": "2026-09-25T21:23:42.701294+00:00", "event": "record_warning", "file": "68543b2a58884d68afb5865fc1878ab2_documents_5.jsonl", "line": 318, "field": "updated_at", "reason": "updated_before_published"}
INFO:nitka.eventlog:{"timestamp": "2026-09-25T21:23:42.701328+00:00", "event": "record_warning", "file": "68543b2a58884d68afb5865fc1878ab2_documents_5.jsonl", "line": 319, "field": "organization_name", "reason": "invalid_text"}
INFO:nitka.eventlog:{"timestamp": "2026-09-25T21:23:42.701352+00:00", "event": "record_warning", "file": "68543b2a58884d68afb5865fc1878ab2_documents_5.jsonl", "line": 319, "field": "language", "reason": "unknown_language"}
INFO:nitka.eventlog:{"timestamp": "2026-09-25T21:23:42.701382+00:00", "event": "record_warning", "file": "68543b2a58884d68afb5865fc1878ab2_documents_5.jsonl", "line": 319, "field": "updated_at", "reason": "updated_before_published"}
INFO:nitka.eventlog:{"timestamp": "2026-09-25T21:23:42.701418+00:00", "event": "record_warning", "file": "68543b2a58884d68afb5865fc1878ab2_documents_5.jsonl", "line": 320, "field": "author_name", "reason": "placeholder_text"}
INFO:nitka.eventlog:{"timestamp": "2026-09-25T21:23:42.701443+00:00", "event": "record_warning", "file": "68543b2a58884d68afb5865fc1878ab2_documents_5.jsonl", "line": 320, "field": "organization_name", "reason": "invalid_text"}
INFO:nitka.eventlog:{"timestamp": "2026-09-25T21:23:42.701477+00:00", "event": "record_warning", "file": "68543b2a58884d68afb5865fc1878ab2_documents_5.jsonl", "line": 321, "field": "title", "reason": "missing_required_title"}
INFO:nitka.eventlog:{"timestamp": "2026-09-25T21:23:42.701491+00:00", "event": "document_not_inserted", "file": "68543b2a58884d68afb5865fc1878ab2_documents_5.jsonl", "line": 321, "external_id": "doc-000320", "title": null, "reason": "missing_required_title"}
INFO:nitka.eventlog:{"timestamp": "2026-09-25T21:23:42.701513+00:00", "event": "record_warning", "file": "68543b2a58884d68afb5865fc1878ab2_documents_5.jsonl", "line": 322, "field": "word_count", "reason": "invalid_nonnegative_integer"}
INFO:nitka.eventlog:{"timestamp": "2026-09-25T21:23:42.701535+00:00", "event": "record_warning", "file": "68543b2a58884d68afb5865fc1878ab2_documents_5.jsonl", "line": 322, "field": "updated_at", "reason": "updated_before_published"}
INFO:nitka.eventlog:{"timestamp": "2026-09-25T21:23:42.701568+00:00", "event": "record_warning", "file": "68543b2a58884d68afb5865fc1878ab2_documents_5.jsonl", "line": 323, "field": "published_at", "reason": "invalid_date"}
INFO:nitka.eventlog:{"timestamp": "2026-09-25T21:23:42.701592+00:00", "event": "record_warning", "file": "68543b2a58884d68afb5865fc1878ab2_documents_5.jsonl", "line": 323, "field": "tags", "reason": "invalid_tags"}
INFO:nitka.eventlog:{"timestamp": "2026-09-25T21:23:42.701614+00:00", "event": "record_warning", "file": "68543b2a58884d68afb5865fc1878ab2_documents_5.jsonl", "line": 323, "field": "status", "reason": "invalid_status"}
INFO:nitka.eventlog:{"timestamp": "2026-09-25T21:23:42.701661+00:00", "event": "record_warning", "file": "68543b2a58884d68afb5865fc1878ab2_documents_5.jsonl", "line": 325, "field": "author_name", "reason": "invalid_text"}
INFO:nitka.eventlog:{"timestamp": "2026-09-25T21:23:42.701685+00:00", "event": "record_warning", "file": "68543b2a58884d68afb5865fc1878ab2_documents_5.jsonl", "line": 325, "field": "organization_name", "reason": "placeholder_text"}
INFO:nitka.eventlog:{"timestamp": "2026-09-25T21:23:42.701709+00:00", "event": "record_warning", "file": "68543b2a58884d68afb5865fc1878ab2_documents_5.jsonl", "line": 325, "field": "published_at", "reason": "invalid_date"}
INFO:nitka.eventlog:{"timestamp": "2026-09-25T21:23:42.701744+00:00", "event": "record_warning", "file": "68543b2a58884d68afb5865fc1878ab2_documents_5.jsonl", "line": 326, "field": "status", "reason": "invalid_status"}
INFO:nitka.eventlog:{"timestamp": "2026-09-25T21:23:42.701791+00:00", "event": "record_warning", "file": "68543b2a58884d68afb5865fc1878ab2_documents_5.jsonl", "line": 328, "field": "published_at", "reason": "invalid_date"}
INFO:nitka.eventlog:{"timestamp": "2026-09-25T21:23:42.701816+00:00", "event": "record_warning", "file": "68543b2a58884d68afb5865fc1878ab2_documents_5.jsonl", "line": 328, "field": "updated_at", "reason": "invalid_date"}
INFO:nitka.eventlog:{"timestamp": "2026-09-25T21:23:42.701961+00:00", "event": "record_warning", "file": "68543b2a58884d68afb5865fc1878ab2_documents_5.jsonl", "line": 329, "field": "url", "reason": "invalid_url"}
INFO:nitka.eventlog:{"timestamp": "2026-09-25T21:23:42.702011+00:00", "event": "record_warning", "file": "68543b2a58884d68afb5865fc1878ab2_documents_5.jsonl", "line": 331, "field": "citation_count", "reason": "invalid_nonnegative_integer"}
INFO:nitka.eventlog:{"timestamp": "2026-09-25T21:23:42.702059+00:00", "event": "record_warning", "file": "68543b2a58884d68afb5865fc1878ab2_documents_5.jsonl", "line": 333, "field": "tags", "reason": "empty_tag"}
INFO:nitka.eventlog:{"timestamp": "2026-09-25T21:23:42.702084+00:00", "event": "record_warning", "file": "68543b2a58884d68afb5865fc1878ab2_documents_5.jsonl", "line": 333, "field": "url", "reason": "invalid_url"}
INFO:nitka.eventlog:{"timestamp": "2026-09-25T21:23:42.702121+00:00", "event": "record_warning", "file": "68543b2a58884d68afb5865fc1878ab2_documents_5.jsonl", "line": 334, "field": "title", "reason": "missing_required_title"}
INFO:nitka.eventlog:{"timestamp": "2026-09-25T21:23:42.702135+00:00", "event": "document_not_inserted", "file": "68543b2a58884d68afb5865fc1878ab2_documents_5.jsonl", "line": 334, "external_id": "doc-000333", "title": null, "reason": "missing_required_title"}
INFO:nitka.eventlog:{"timestamp": "2026-09-25T21:23:42.702158+00:00", "event": "record_warning", "file": "68543b2a58884d68afb5865fc1878ab2_documents_5.jsonl", "line": 335, "field": "tags", "reason": "empty_tag"}
INFO:nitka.eventlog:{"timestamp": "2026-09-25T21:23:42.702195+00:00", "event": "record_warning", "file": "68543b2a58884d68afb5865fc1878ab2_documents_5.jsonl", "line": 336, "field": "title", "reason": "missing_required_title"}
INFO:nitka.eventlog:{"timestamp": "2026-09-25T21:23:42.702209+00:00", "event": "document_not_inserted", "file": "68543b2a58884d68afb5865fc1878ab2_documents_5.jsonl", "line": 336, "external_id": null, "title": null, "reason": "missing_required_title"}
INFO:nitka.eventlog:{"timestamp": "2026-09-25T21:23:42.702231+00:00", "event": "record_warning", "file": "68543b2a58884d68afb5865fc1878ab2_documents_5.jsonl", "line": 337, "field": "published_at", "reason": "invalid_date"}
INFO:nitka.eventlog:{"timestamp": "2026-09-25T21:23:42.702255+00:00", "event": "record_warning", "file": "68543b2a58884d68afb5865fc1878ab2_documents_5.jsonl", "line": 337, "field": "word_count", "reason": "invalid_nonnegative_integer"}
INFO:nitka.eventlog:{"timestamp": "2026-09-25T21:23:42.702291+00:00", "event": "record_warning", "file": "68543b2a58884d68afb5865fc1878ab2_documents_5.jsonl", "line": 338, "field": "updated_at", "reason": "updated_before_published"}
INFO:nitka.eventlog:{"timestamp": "2026-09-25T21:23:42.702328+00:00", "event": "record_warning", "file": "68543b2a58884d68afb5865fc1878ab2_documents_5.jsonl", "line": 339, "field": "title", "reason": "missing_required_title"}
INFO:nitka.eventlog:{"timestamp": "2026-09-25T21:23:42.702341+00:00", "event": "document_not_inserted", "file": "68543b2a58884d68afb5865fc1878ab2_documents_5.jsonl", "line": 339, "external_id": "doc-000338", "title": null, "reason": "missing_required_title"}
INFO:nitka.eventlog:{"timestamp": "2026-09-25T21:23:42.702363+00:00", "event": "record_warning", "file": "68543b2a58884d68afb5865fc1878ab2_documents_5.jsonl", "line": 340, "field": "author_name", "reason": "placeholder_text"}
INFO:nitka.eventlog:{"timestamp": "2026-09-25T21:23:42.702388+00:00", "event": "record_warning", "file": "68543b2a58884d68afb5865fc1878ab2_documents_5.jsonl", "line": 340, "field": "organization_name", "reason": "placeholder_text"}
INFO:nitka.eventlog:{"timestamp": "2026-09-25T21:23:42.702413+00:00", "event": "record_warning", "file": "68543b2a58884d68afb5865fc1878ab2_documents_5.jsonl", "line": 340, "field": "language", "reason": "unknown_language"}
INFO:nitka.eventlog:{"timestamp": "2026-09-25T21:23:42.702447+00:00", "event": "record_warning", "file": "68543b2a58884d68afb5865fc1878ab2_documents_5.jsonl", "line": 341, "field": "title", "reason": "missing_required_title"}
INFO:nitka.eventlog:{"timestamp": "2026-09-25T21:23:42.702461+00:00", "event": "document_not_inserted", "file": "68543b2a58884d68afb5865fc1878ab2_documents_5.jsonl", "line": 341, "external_id": "doc-000340", "title": null, "reason": "missing_required_title"}
INFO:nitka.eventlog:{"timestamp": "2026-09-25T21:23:42.702483+00:00", "event": "record_warning", "file": "68543b2a58884d68afb5865fc1878ab2_documents_5.jsonl", "line": 342, "field": "url", "reason": "invalid_url"}
INFO:nitka.eventlog:{"timestamp": "2026-09-25T21:23:42.702507+00:00", "event": "record_warning", "file": "68543b2a58884d68afb5865fc1878ab2_documents_5.jsonl", "line": 342, "field": "updated_at", "reason": "updated_before_published"}
INFO:nitka.eventlog:{"timestamp": "2026-09-25T21:23:42.702543+00:00", "event": "record_warning", "file": "68543b2a58884d68afb5865fc1878ab2_documents_5.jsonl", "line": 343, "field": "published_at", "reason": "invalid_date"}
INFO:nitka.eventlog:{"timestamp": "2026-09-25T21:23:42.702579+00:00", "event": "record_warning", "file": "68543b2a58884d68afb5865fc1878ab2_documents_5.jsonl", "line": 344, "field": "published_at", "reason": "invalid_date"}
INFO:nitka.eventlog:{"timestamp": "2026-09-25T21:23:42.702602+00:00", "event": "record_warning", "file": "68543b2a58884d68afb5865fc1878ab2_documents_5.jsonl", "line": 344, "field": "updated_at", "reason": "invalid_date"}
INFO:nitka.eventlog:{"timestamp": "2026-09-25T21:23:42.702638+00:00", "event": "record_warning", "file": "68543b2a58884d68afb5865fc1878ab2_documents_5.jsonl", "line": 345, "field": "title", "reason": "missing_required_title"}
INFO:nitka.eventlog:{"timestamp": "2026-09-25T21:23:42.702652+00:00", "event": "document_not_inserted", "file": "68543b2a58884d68afb5865fc1878ab2_documents_5.jsonl", "line": 345, "external_id": "doc-000344", "title": null, "reason": "missing_required_title"}
INFO:nitka.eventlog:{"timestamp": "2026-09-25T21:23:42.702674+00:00", "event": "record_warning", "file": "68543b2a58884d68afb5865fc1878ab2_documents_5.jsonl", "line": 346, "field": "updated_at", "reason": "updated_before_published"}
INFO:nitka.eventlog:{"timestamp": "2026-09-25T21:23:42.702709+00:00", "event": "record_warning", "file": "68543b2a58884d68afb5865fc1878ab2_documents_5.jsonl", "line": 347, "field": "language", "reason": "unknown_language"}
INFO:nitka.eventlog:{"timestamp": "2026-09-25T21:23:42.702734+00:00", "event": "record_warning", "file": "68543b2a58884d68afb5865fc1878ab2_documents_5.jsonl", "line": 347, "field": "updated_at", "reason": "updated_before_published"}
INFO:nitka.eventlog:{"timestamp": "2026-09-25T21:23:42.702768+00:00", "event": "record_warning", "file": "68543b2a58884d68afb5865fc1878ab2_documents_5.jsonl", "line": 348, "field": "url", "reason": "invalid_url"}
INFO:nitka.eventlog:{"timestamp": "2026-09-25T21:23:42.702803+00:00", "event": "record_warning", "file": "68543b2a58884d68afb5865fc1878ab2_documents_5.jsonl", "line": 349, "field": "language", "reason": "unknown_language"}
INFO:nitka.eventlog:{"timestamp": "2026-09-25T21:23:42.702828+00:00", "event": "record_warning", "file": "68543b2a58884d68afb5865fc1878ab2_documents_5.jsonl", "line": 349, "field": "updated_at", "reason": "updated_before_published"}
INFO:nitka.eventlog:{"timestamp": "2026-09-25T21:23:42.702864+00:00", "event": "record_warning", "file": "68543b2a58884d68afb5865fc1878ab2_documents_5.jsonl", "line": 350, "field": "external_id", "reason": "invalid_text"}
INFO:nitka.eventlog:{"timestamp": "2026-09-25T21:23:42.702889+00:00", "event": "record_warning", "file": "68543b2a58884d68afb5865fc1878ab2_documents_5.jsonl", "line": 350, "field": "published_at", "reason": "invalid_date"}
INFO:nitka.eventlog:{"timestamp": "2026-09-25T21:23:42.702936+00:00", "event": "record_warning", "file": "68543b2a58884d68afb5865fc1878ab2_documents_5.jsonl", "line": 352, "field": "updated_at", "reason": "updated_before_published"}
INFO:nitka.eventlog:{"timestamp": "2026-09-25T21:23:42.702970+00:00", "event": "record_warning", "file": "68543b2a58884d68afb5865fc1878ab2_documents_5.jsonl", "line": 353, "field": "title", "reason": "missing_required_title"}
INFO:nitka.eventlog:{"timestamp": "2026-09-25T21:23:42.702981+00:00", "event": "document_not_inserted", "file": "68543b2a58884d68afb5865fc1878ab2_documents_5.jsonl", "line": 353, "external_id": "doc-000352", "title": null, "reason": "missing_required_title"}
INFO:nitka.eventlog:{"timestamp": "2026-09-25T21:23:42.703003+00:00", "event": "record_warning", "file": "68543b2a58884d68afb5865fc1878ab2_documents_5.jsonl", "line": 354, "field": "url", "reason": "invalid_url"}
INFO:nitka.eventlog:{"timestamp": "2026-09-25T21:23:42.703036+00:00", "event": "record_warning", "file": "68543b2a58884d68afb5865fc1878ab2_documents_5.jsonl", "line": 355, "field": "updated_at", "reason": "invalid_date"}
INFO:nitka.eventlog:{"timestamp": "2026-09-25T21:23:42.703061+00:00", "event": "record_warning", "file": "68543b2a58884d68afb5865fc1878ab2_documents_5.jsonl", "line": 355, "field": "tags", "reason": "invalid_tag"}
INFO:nitka.eventlog:{"timestamp": "2026-09-25T21:23:42.703094+00:00", "event": "record_warning", "file": "68543b2a58884d68afb5865fc1878ab2_documents_5.jsonl", "line": 356, "field": "title", "reason": "missing_required_title"}
INFO:nitka.eventlog:{"timestamp": "2026-09-25T21:23:42.703108+00:00", "event": "document_not_inserted", "file": "68543b2a58884d68afb5865fc1878ab2_documents_5.jsonl", "line": 356, "external_id": "doc-000355", "title": null, "reason": "missing_required_title"}
INFO:nitka.eventlog:{"timestamp": "2026-09-25T21:23:42.703142+00:00", "event": "record_warning", "file": "68543b2a58884d68afb5865fc1878ab2_documents_5.jsonl", "line": 358, "field": "title", "reason": "missing_required_title"}
INFO:nitka.eventlog:{"timestamp": "2026-09-25T21:23:42.703157+00:00", "event": "document_not_inserted", "file": "68543b2a58884d68afb5865fc1878ab2_documents_5.jsonl", "line": 358, "external_id": "doc-000357", "title": null, "reason": "missing_required_title"}
INFO:nitka.eventlog:{"timestamp": "2026-09-25T21:23:42.703179+00:00", "event": "record_warning", "file": "68543b2a58884d68afb5865fc1878ab2_documents_5.jsonl", "line": 359, "field": "language", "reason": "unknown_language"}
INFO:nitka.eventlog:{"timestamp": "2026-09-25T21:23:42.703215+00:00", "event": "record_warning", "file": "68543b2a58884d68afb5865fc1878ab2_documents_5.jsonl", "line": 360, "field": "title", "reason": "missing_required_title"}
INFO:nitka.eventlog:{"timestamp": "2026-09-25T21:23:42.703229+00:00", "event": "document_not_inserted", "file": "68543b2a58884d68afb5865fc1878ab2_documents_5.jsonl", "line": 360, "external_id": "doc-000359", "title": null, "reason": "missing_required_title"}
INFO:nitka.eventlog:{"timestamp": "2026-09-25T21:23:42.703251+00:00", "event": "record_warning", "file": "68543b2a58884d68afb5865fc1878ab2_documents_5.jsonl", "line": 361, "field": "tags", "reason": "invalid_tags"}
INFO:nitka.eventlog:{"timestamp": "2026-09-25T21:23:42.703287+00:00", "event": "record_warning", "file": "68543b2a58884d68afb5865fc1878ab2_documents_5.jsonl", "line": 362, "field": "status", "reason": "invalid_status"}
INFO:nitka.eventlog:{"timestamp": "2026-09-25T21:23:42.703309+00:00", "event": "record_warning", "file": "68543b2a58884d68afb5865fc1878ab2_documents_5.jsonl", "line": 362, "field": "updated_at", "reason": "updated_before_published"}
INFO:nitka.eventlog:{"timestamp": "2026-09-25T21:23:42.703341+00:00", "event": "record_warning", "file": "68543b2a58884d68afb5865fc1878ab2_documents_5.jsonl", "line": 363, "field": "title", "reason": "missing_required_title"}
INFO:nitka.eventlog:{"timestamp": "2026-09-25T21:23:42.703352+00:00", "event": "document_not_inserted", "file": "68543b2a58884d68afb5865fc1878ab2_documents_5.jsonl", "line": 363, "external_id": "doc-000362", "title": null, "reason": "missing_required_title"}
INFO:nitka.eventlog:{"timestamp": "2026-09-25T21:23:42.703374+00:00", "event": "record_warning", "file": "68543b2a58884d68afb5865fc1878ab2_documents_5.jsonl", "line": 364, "field": "status", "reason": "invalid_status"}
INFO:nitka.eventlog:{"timestamp": "2026-09-25T21:23:42.704016+00:00", "event": "record_warning", "file": "68543b2a58884d68afb5865fc1878ab2_documents_5.jsonl", "line": 365, "field": "title", "reason": "missing_required_title"}
INFO:nitka.eventlog:{"timestamp": "2026-09-25T21:23:42.704050+00:00", "event": "document_not_inserted", "file": "68543b2a58884d68afb5865fc1878ab2_documents_5.jsonl", "line": 365, "external_id": "doc-000364", "title": null, "reason": "missing_required_title"}
INFO:nitka.eventlog:{"timestamp": "2026-09-25T21:23:42.704096+00:00", "event": "record_warning", "file": "68543b2a58884d68afb5865fc1878ab2_documents_5.jsonl", "line": 367, "field": "organization_name", "reason": "invalid_text"}
INFO:nitka.eventlog:{"timestamp": "2026-09-25T21:23:42.704126+00:00", "event": "record_warning", "file": "68543b2a58884d68afb5865fc1878ab2_documents_5.jsonl", "line": 367, "field": "updated_at", "reason": "invalid_date"}
INFO:nitka.eventlog:{"timestamp": "2026-09-25T21:23:42.704166+00:00", "event": "record_warning", "file": "68543b2a58884d68afb5865fc1878ab2_documents_5.jsonl", "line": 368, "field": "title", "reason": "missing_required_title"}
INFO:nitka.eventlog:{"timestamp": "2026-09-25T21:23:42.704182+00:00", "event": "document_not_inserted", "file": "68543b2a58884d68afb5865fc1878ab2_documents_5.jsonl", "line": 368, "external_id": "doc-000367", "title": null, "reason": "missing_required_title"}
INFO:nitka.eventlog:{"timestamp": "2026-09-25T21:23:42.704219+00:00", "event": "record_warning", "file": "68543b2a58884d68afb5865fc1878ab2_documents_5.jsonl", "line": 370, "field": "title", "reason": "missing_required_title"}
INFO:nitka.eventlog:{"timestamp": "2026-09-25T21:23:42.704236+00:00", "event": "document_not_inserted", "file": "68543b2a58884d68afb5865fc1878ab2_documents_5.jsonl", "line": 370, "external_id": "doc-000369", "title": null, "reason": "missing_required_title"}
INFO:nitka.eventlog:{"timestamp": "2026-09-25T21:23:42.704261+00:00", "event": "record_warning", "file": "68543b2a58884d68afb5865fc1878ab2_documents_5.jsonl", "line": 371, "field": "title", "reason": "missing_required_title"}
INFO:nitka.eventlog:{"timestamp": "2026-09-25T21:23:42.704276+00:00", "event": "document_not_inserted", "file": "68543b2a58884d68afb5865fc1878ab2_documents_5.jsonl", "line": 371, "external_id": null, "title": null, "reason": "missing_required_title"}
INFO:nitka.eventlog:{"timestamp": "2026-09-25T21:23:42.704300+00:00", "event": "record_warning", "file": "68543b2a58884d68afb5865fc1878ab2_documents_5.jsonl", "line": 372, "field": "published_at", "reason": "invalid_date"}
INFO:nitka.eventlog:{"timestamp": "2026-09-25T21:23:42.704323+00:00", "event": "record_warning", "file": "68543b2a58884d68afb5865fc1878ab2_documents_5.jsonl", "line": 372, "field": "status", "reason": "invalid_status"}
INFO:nitka.eventlog:{"timestamp": "2026-09-25T21:23:42.704358+00:00", "event": "record_warning", "file": "68543b2a58884d68afb5865fc1878ab2_documents_5.jsonl", "line": 373, "field": "organization_name", "reason": "invalid_text"}
INFO:nitka.eventlog:{"timestamp": "2026-09-25T21:23:42.704381+00:00", "event": "record_warning", "file": "68543b2a58884d68afb5865fc1878ab2_documents_5.jsonl", "line": 373, "field": "updated_at", "reason": "invalid_date"}
INFO:nitka.eventlog:{"timestamp": "2026-09-25T21:23:42.704994+00:00", "event": "record_warning", "file": "68543b2a58884d68afb5865fc1878ab2_documents_5.jsonl", "line": 373, "field": "status", "reason": "invalid_status"}
INFO:nitka.eventlog:{"timestamp": "2026-09-25T21:23:42.705110+00:00", "event": "record_warning", "file": "68543b2a58884d68afb5865fc1878ab2_documents_5.jsonl", "line": 375, "field": "title", "reason": "missing_required_title"}
INFO:nitka.eventlog:{"timestamp": "2026-09-25T21:23:42.705135+00:00", "event": "document_not_inserted", "file": "68543b2a58884d68afb5865fc1878ab2_documents_5.jsonl", "line": 375, "external_id": null, "title": null, "reason": "missing_required_title"}
INFO:nitka.eventlog:{"timestamp": "2026-09-25T21:23:42.705167+00:00", "event": "record_warning", "file": "68543b2a58884d68afb5865fc1878ab2_documents_5.jsonl", "line": 376, "field": "title", "reason": "missing_required_title"}
INFO:nitka.eventlog:{"timestamp": "2026-09-25T21:23:42.705210+00:00", "event": "document_not_inserted", "file": "68543b2a58884d68afb5865fc1878ab2_documents_5.jsonl", "line": 376, "external_id": "doc-000375", "title": null, "reason": "missing_required_title"}
INFO:nitka.eventlog:{"timestamp": "2026-09-25T21:23:42.705263+00:00", "event": "record_warning", "file": "68543b2a58884d68afb5865fc1878ab2_documents_5.jsonl", "line": 377, "field": "published_at", "reason": "invalid_date"}
INFO:nitka.eventlog:{"timestamp": "2026-09-25T21:23:42.705337+00:00", "event": "record_warning", "file": "68543b2a58884d68afb5865fc1878ab2_documents_5.jsonl", "line": 378, "field": "url", "reason": "invalid_url"}
INFO:nitka.eventlog:{"timestamp": "2026-09-25T21:23:42.705389+00:00", "event": "record_warning", "file": "68543b2a58884d68afb5865fc1878ab2_documents_5.jsonl", "line": 379, "field": "title", "reason": "missing_required_title"}
INFO:nitka.eventlog:{"timestamp": "2026-09-25T21:23:42.705404+00:00", "event": "document_not_inserted", "file": "68543b2a58884d68afb5865fc1878ab2_documents_5.jsonl", "line": 379, "external_id": null, "title": null, "reason": "missing_required_title"}
INFO:nitka.eventlog:{"timestamp": "2026-09-25T21:23:42.705427+00:00", "event": "record_warning", "file": "68543b2a58884d68afb5865fc1878ab2_documents_5.jsonl", "line": 380, "field": "published_at", "reason": "invalid_date"}
INFO:nitka.eventlog:{"timestamp": "2026-09-25T21:23:42.705462+00:00", "event": "record_warning", "file": "68543b2a58884d68afb5865fc1878ab2_documents_5.jsonl", "line": 381, "field": "title", "reason": "missing_required_title"}
INFO:nitka.eventlog:{"timestamp": "2026-09-25T21:23:42.705476+00:00", "event": "document_not_inserted", "file": "68543b2a58884d68afb5865fc1878ab2_documents_5.jsonl", "line": 381, "external_id": "doc-000380", "title": null, "reason": "missing_required_title"}
INFO:nitka.eventlog:{"timestamp": "2026-09-25T21:23:42.705499+00:00", "event": "record_warning", "file": "68543b2a58884d68afb5865fc1878ab2_documents_5.jsonl", "line": 382, "field": "published_at", "reason": "invalid_date"}
INFO:nitka.eventlog:{"timestamp": "2026-09-25T21:23:42.705524+00:00", "event": "record_warning", "file": "68543b2a58884d68afb5865fc1878ab2_documents_5.jsonl", "line": 382, "field": "status", "reason": "invalid_status"}
INFO:nitka.eventlog:{"timestamp": "2026-09-25T21:23:42.705557+00:00", "event": "record_warning", "file": "68543b2a58884d68afb5865fc1878ab2_documents_5.jsonl", "line": 383, "field": "published_at", "reason": "invalid_date"}
INFO:nitka.eventlog:{"timestamp": "2026-09-25T21:23:42.705579+00:00", "event": "record_warning", "file": "68543b2a58884d68afb5865fc1878ab2_documents_5.jsonl", "line": 383, "field": "tags", "reason": "invalid_tags"}
INFO:nitka.eventlog:{"timestamp": "2026-09-25T21:23:42.705613+00:00", "event": "record_warning", "file": "68543b2a58884d68afb5865fc1878ab2_documents_5.jsonl", "line": 384, "field": "status", "reason": "invalid_status"}
INFO:nitka.eventlog:{"timestamp": "2026-09-25T21:23:42.705638+00:00", "event": "record_warning", "file": "68543b2a58884d68afb5865fc1878ab2_documents_5.jsonl", "line": 384, "field": "updated_at", "reason": "updated_before_published"}
INFO:nitka.eventlog:{"timestamp": "2026-09-25T21:23:42.705671+00:00", "event": "record_warning", "file": "68543b2a58884d68afb5865fc1878ab2_documents_5.jsonl", "line": 385, "field": "url", "reason": "invalid_url"}
INFO:nitka.eventlog:{"timestamp": "2026-09-25T21:23:42.705693+00:00", "event": "record_warning", "file": "68543b2a58884d68afb5865fc1878ab2_documents_5.jsonl", "line": 385, "field": "updated_at", "reason": "updated_before_published"}
INFO:nitka.eventlog:{"timestamp": "2026-09-25T21:23:42.705727+00:00", "event": "record_warning", "file": "68543b2a58884d68afb5865fc1878ab2_documents_5.jsonl", "line": 386, "field": "tags", "reason": "invalid_tags"}
INFO:nitka.eventlog:{"timestamp": "2026-09-25T21:23:42.705763+00:00", "event": "record_warning", "file": "68543b2a58884d68afb5865fc1878ab2_documents_5.jsonl", "line": 387, "field": "published_at", "reason": "invalid_date"}
INFO:nitka.eventlog:{"timestamp": "2026-09-25T21:23:42.705789+00:00", "event": "record_warning", "file": "68543b2a58884d68afb5865fc1878ab2_documents_5.jsonl", "line": 387, "field": "language", "reason": "unknown_language"}
INFO:nitka.eventlog:{"timestamp": "2026-09-25T21:23:42.705823+00:00", "event": "record_warning", "file": "68543b2a58884d68afb5865fc1878ab2_documents_5.jsonl", "line": 388, "field": "title", "reason": "missing_required_title"}
INFO:nitka.eventlog:{"timestamp": "2026-09-25T21:23:42.705834+00:00", "event": "document_not_inserted", "file": "68543b2a58884d68afb5865fc1878ab2_documents_5.jsonl", "line": 388, "external_id": "doc-000387", "title": null, "reason": "missing_required_title"}
INFO:nitka.eventlog:{"timestamp": "2026-09-25T21:23:42.705856+00:00", "event": "record_warning", "file": "68543b2a58884d68afb5865fc1878ab2_documents_5.jsonl", "line": 389, "field": "organization_name", "reason": "invalid_text"}
INFO:nitka.eventlog:{"timestamp": "2026-09-25T21:23:42.705892+00:00", "event": "record_warning", "file": "68543b2a58884d68afb5865fc1878ab2_documents_5.jsonl", "line": 390, "field": "title", "reason": "missing_required_title"}
INFO:nitka.eventlog:{"timestamp": "2026-09-25T21:23:42.705906+00:00", "event": "document_not_inserted", "file": "68543b2a58884d68afb5865fc1878ab2_documents_5.jsonl", "line": 390, "external_id": "doc-000389", "title": null, "reason": "missing_required_title"}
INFO:nitka.eventlog:{"timestamp": "2026-09-25T21:23:42.705928+00:00", "event": "record_warning", "file": "68543b2a58884d68afb5865fc1878ab2_documents_5.jsonl", "line": 391, "field": "tags", "reason": "empty_tag"}
INFO:nitka.eventlog:{"timestamp": "2026-09-25T21:23:42.705963+00:00", "event": "record_warning", "file": "68543b2a58884d68afb5865fc1878ab2_documents_5.jsonl", "line": 392, "field": "published_at", "reason": "invalid_date"}
INFO:nitka.eventlog:{"timestamp": "2026-09-25T21:23:42.706010+00:00", "event": "record_warning", "file": "68543b2a58884d68afb5865fc1878ab2_documents_5.jsonl", "line": 394, "field": "status", "reason": "invalid_status"}
INFO:nitka.eventlog:{"timestamp": "2026-09-25T21:23:42.706047+00:00", "event": "record_warning", "file": "68543b2a58884d68afb5865fc1878ab2_documents_5.jsonl", "line": 395, "field": "tags", "reason": "empty_tag"}
INFO:nitka.eventlog:{"timestamp": "2026-09-25T21:23:42.706072+00:00", "event": "record_warning", "file": "68543b2a58884d68afb5865fc1878ab2_documents_5.jsonl", "line": 395, "field": "status", "reason": "invalid_status"}
INFO:nitka.eventlog:{"timestamp": "2026-09-25T21:23:42.706107+00:00", "event": "record_warning", "file": "68543b2a58884d68afb5865fc1878ab2_documents_5.jsonl", "line": 396, "field": "external_id", "reason": "invalid_text"}
INFO:nitka.eventlog:{"timestamp": "2026-09-25T21:23:42.706130+00:00", "event": "record_warning", "file": "68543b2a58884d68afb5865fc1878ab2_documents_5.jsonl", "line": 396, "field": "word_count", "reason": "invalid_nonnegative_integer"}
INFO:nitka.eventlog:{"timestamp": "2026-09-25T21:23:42.706153+00:00", "event": "record_warning", "file": "68543b2a58884d68afb5865fc1878ab2_documents_5.jsonl", "line": 396, "field": "updated_at", "reason": "updated_before_published"}
INFO:nitka.eventlog:{"timestamp": "2026-09-25T21:23:42.706188+00:00", "event": "record_warning", "file": "68543b2a58884d68afb5865fc1878ab2_documents_5.jsonl", "line": 397, "field": "url", "reason": "invalid_url"}
INFO:nitka.eventlog:{"timestamp": "2026-09-25T21:23:42.706211+00:00", "event": "record_warning", "file": "68543b2a58884d68afb5865fc1878ab2_documents_5.jsonl", "line": 397, "field": "updated_at", "reason": "updated_before_published"}
INFO:nitka.eventlog:{"timestamp": "2026-09-25T21:23:42.706245+00:00", "event": "record_warning", "file": "68543b2a58884d68afb5865fc1878ab2_documents_5.jsonl", "line": 398, "field": "status", "reason": "invalid_status"}
INFO:nitka.eventlog:{"timestamp": "2026-09-25T21:23:42.706268+00:00", "event": "record_warning", "file": "68543b2a58884d68afb5865fc1878ab2_documents_5.jsonl", "line": 398, "field": "updated_at", "reason": "updated_before_published"}
INFO:nitka.eventlog:{"timestamp": "2026-09-25T21:23:42.706303+00:00", "event": "record_warning", "file": "68543b2a58884d68afb5865fc1878ab2_documents_5.jsonl", "line": 399, "field": "tags", "reason": "invalid_tag"}
INFO:nitka.eventlog:{"timestamp": "2026-09-25T21:23:42.706327+00:00", "event": "record_warning", "file": "68543b2a58884d68afb5865fc1878ab2_documents_5.jsonl", "line": 399, "field": "language", "reason": "unknown_language"}
INFO:nitka.eventlog:{"timestamp": "2026-09-25T21:23:42.706362+00:00", "event": "record_warning", "file": "68543b2a58884d68afb5865fc1878ab2_documents_5.jsonl", "line": 400, "field": "organization_name", "reason": "placeholder_text"}
INFO:nitka.eventlog:{"timestamp": "2026-09-25T21:23:42.706397+00:00", "event": "record_warning", "file": "68543b2a58884d68afb5865fc1878ab2_documents_5.jsonl", "line": 401, "field": "published_at", "reason": "invalid_date"}
INFO:nitka.eventlog:{"timestamp": "2026-09-25T21:23:42.706431+00:00", "event": "record_warning", "file": "68543b2a58884d68afb5865fc1878ab2_documents_5.jsonl", "line": 402, "field": "citation_count", "reason": "invalid_nonnegative_integer"}
INFO:nitka.eventlog:{"timestamp": "2026-09-25T21:23:42.706453+00:00", "event": "record_warning", "file": "68543b2a58884d68afb5865fc1878ab2_documents_5.jsonl", "line": 402, "field": "updated_at", "reason": "updated_before_published"}
INFO:nitka.eventlog:{"timestamp": "2026-09-25T21:23:42.706488+00:00", "event": "record_warning", "file": "68543b2a58884d68afb5865fc1878ab2_documents_5.jsonl", "line": 403, "field": "status", "reason": "invalid_status"}
INFO:nitka.eventlog:{"timestamp": "2026-09-25T21:23:42.706536+00:00", "event": "record_warning", "file": "68543b2a58884d68afb5865fc1878ab2_documents_5.jsonl", "line": 405, "field": "author_name", "reason": "placeholder_text"}
INFO:nitka.eventlog:{"timestamp": "2026-09-25T21:23:42.706561+00:00", "event": "record_warning", "file": "68543b2a58884d68afb5865fc1878ab2_documents_5.jsonl", "line": 405, "field": "updated_at", "reason": "updated_before_published"}
INFO:nitka.eventlog:{"timestamp": "2026-09-25T21:23:42.706596+00:00", "event": "record_warning", "file": "68543b2a58884d68afb5865fc1878ab2_documents_5.jsonl", "line": 406, "field": "title", "reason": "missing_required_title"}
INFO:nitka.eventlog:{"timestamp": "2026-09-25T21:23:42.706611+00:00", "event": "document_not_inserted", "file": "68543b2a58884d68afb5865fc1878ab2_documents_5.jsonl", "line": 406, "external_id": null, "title": null, "reason": "missing_required_title"}
INFO:nitka.eventlog:{"timestamp": "2026-09-25T21:23:42.706634+00:00", "event": "record_warning", "file": "68543b2a58884d68afb5865fc1878ab2_documents_5.jsonl", "line": 407, "field": "updated_at", "reason": "updated_before_published"}
INFO:nitka.eventlog:{"timestamp": "2026-09-25T21:23:42.706670+00:00", "event": "record_warning", "file": "68543b2a58884d68afb5865fc1878ab2_documents_5.jsonl", "line": 408, "field": "updated_at", "reason": "updated_before_published"}
INFO:nitka.eventlog:{"timestamp": "2026-09-25T21:23:42.706727+00:00", "event": "record_warning", "file": "68543b2a58884d68afb5865fc1878ab2_documents_5.jsonl", "line": 409, "field": "title", "reason": "missing_required_title"}
INFO:nitka.eventlog:{"timestamp": "2026-09-25T21:23:42.706742+00:00", "event": "document_not_inserted", "file": "68543b2a58884d68afb5865fc1878ab2_documents_5.jsonl", "line": 409, "external_id": "doc-000408", "title": null, "reason": "missing_required_title"}
INFO:nitka.eventlog:{"timestamp": "2026-09-25T21:23:42.706765+00:00", "event": "record_warning", "file": "68543b2a58884d68afb5865fc1878ab2_documents_5.jsonl", "line": 410, "field": "record", "reason": "record_is_not_object"}
INFO:nitka.eventlog:{"timestamp": "2026-09-25T21:23:42.706777+00:00", "event": "document_not_inserted", "file": "68543b2a58884d68afb5865fc1878ab2_documents_5.jsonl", "line": 410, "external_id": null, "title": null, "reason": "record_is_not_object"}
INFO:nitka.eventlog:{"timestamp": "2026-09-25T21:23:42.706800+00:00", "event": "record_warning", "file": "68543b2a58884d68afb5865fc1878ab2_documents_5.jsonl", "line": 411, "field": "updated_at", "reason": "updated_before_published"}
INFO:nitka.eventlog:{"timestamp": "2026-09-25T21:23:42.706835+00:00", "event": "record_warning", "file": "68543b2a58884d68afb5865fc1878ab2_documents_5.jsonl", "line": 412, "field": "title", "reason": "missing_required_title"}
INFO:nitka.eventlog:{"timestamp": "2026-09-25T21:23:42.706850+00:00", "event": "document_not_inserted", "file": "68543b2a58884d68afb5865fc1878ab2_documents_5.jsonl", "line": 412, "external_id": "doc-000411", "title": null, "reason": "missing_required_title"}
INFO:nitka.eventlog:{"timestamp": "2026-09-25T21:23:42.706873+00:00", "event": "record_warning", "file": "68543b2a58884d68afb5865fc1878ab2_documents_5.jsonl", "line": 413, "field": "author_name", "reason": "invalid_text"}
INFO:nitka.eventlog:{"timestamp": "2026-09-25T21:23:42.706898+00:00", "event": "record_warning", "file": "68543b2a58884d68afb5865fc1878ab2_documents_5.jsonl", "line": 413, "field": "status", "reason": "invalid_status"}
INFO:nitka.eventlog:{"timestamp": "2026-09-25T21:23:42.706921+00:00", "event": "record_warning", "file": "68543b2a58884d68afb5865fc1878ab2_documents_5.jsonl", "line": 413, "field": "url", "reason": "invalid_url"}
INFO:nitka.eventlog:{"timestamp": "2026-09-25T21:23:42.706942+00:00", "event": "record_warning", "file": "68543b2a58884d68afb5865fc1878ab2_documents_5.jsonl", "line": 413, "field": "doi", "reason": "invalid_doi"}
INFO:nitka.eventlog:{"timestamp": "2026-09-25T21:23:42.706963+00:00", "event": "record_warning", "file": "68543b2a58884d68afb5865fc1878ab2_documents_5.jsonl", "line": 413, "field": "updated_at", "reason": "updated_before_published"}
INFO:nitka.eventlog:{"timestamp": "2026-09-25T21:23:42.706996+00:00", "event": "record_warning", "file": "68543b2a58884d68afb5865fc1878ab2_documents_5.jsonl", "line": 414, "field": "title", "reason": "missing_required_title"}
INFO:nitka.eventlog:{"timestamp": "2026-09-25T21:23:42.707093+00:00", "event": "document_not_inserted", "file": "68543b2a58884d68afb5865fc1878ab2_documents_5.jsonl", "line": 414, "external_id": "doc-000413", "title": null, "reason": "missing_required_title"}
INFO:nitka.eventlog:{"timestamp": "2026-09-25T21:23:42.707175+00:00", "event": "record_warning", "file": "68543b2a58884d68afb5865fc1878ab2_documents_5.jsonl", "line": 415, "field": "title", "reason": "missing_required_title"}
INFO:nitka.eventlog:{"timestamp": "2026-09-25T21:23:42.707197+00:00", "event": "document_not_inserted", "file": "68543b2a58884d68afb5865fc1878ab2_documents_5.jsonl", "line": 415, "external_id": null, "title": null, "reason": "missing_required_title"}
INFO:nitka.eventlog:{"timestamp": "2026-09-25T21:23:42.707230+00:00", "event": "record_warning", "file": "68543b2a58884d68afb5865fc1878ab2_documents_5.jsonl", "line": 416, "field": "status", "reason": "invalid_status"}
INFO:nitka.eventlog:{"timestamp": "2026-09-25T21:23:42.707284+00:00", "event": "record_warning", "file": "68543b2a58884d68afb5865fc1878ab2_documents_5.jsonl", "line": 416, "field": "url", "reason": "invalid_url"}
INFO:nitka.eventlog:{"timestamp": "2026-09-25T21:23:42.707328+00:00", "event": "record_warning", "file": "68543b2a58884d68afb5865fc1878ab2_documents_5.jsonl", "line": 416, "field": "doi", "reason": "invalid_doi"}
INFO:nitka.eventlog:{"timestamp": "2026-09-25T21:23:42.707365+00:00", "event": "record_warning", "file": "68543b2a58884d68afb5865fc1878ab2_documents_5.jsonl", "line": 417, "field": "updated_at", "reason": "invalid_date"}
INFO:nitka.eventlog:{"timestamp": "2026-09-25T21:23:42.707390+00:00", "event": "record_warning", "file": "68543b2a58884d68afb5865fc1878ab2_documents_5.jsonl", "line": 417, "field": "tags", "reason": "empty_tag"}
INFO:nitka.eventlog:{"timestamp": "2026-09-25T21:23:42.707427+00:00", "event": "record_warning", "file": "68543b2a58884d68afb5865fc1878ab2_documents_5.jsonl", "line": 418, "field": "title", "reason": "missing_required_title"}
INFO:nitka.eventlog:{"timestamp": "2026-09-25T21:23:42.707440+00:00", "event": "document_not_inserted", "file": "68543b2a58884d68afb5865fc1878ab2_documents_5.jsonl", "line": 418, "external_id": null, "title": null, "reason": "missing_required_title"}
INFO:nitka.eventlog:{"timestamp": "2026-09-25T21:23:42.707464+00:00", "event": "record_warning", "file": "68543b2a58884d68afb5865fc1878ab2_documents_5.jsonl", "line": 419, "field": "citation_count", "reason": "invalid_nonnegative_integer"}
INFO:nitka.eventlog:{"timestamp": "2026-09-25T21:23:42.707500+00:00", "event": "record_warning", "file": "68543b2a58884d68afb5865fc1878ab2_documents_5.jsonl", "line": 420, "field": "author_name", "reason": "invalid_text"}
INFO:nitka.eventlog:{"timestamp": "2026-09-25T21:23:42.707523+00:00", "event": "record_warning", "file": "68543b2a58884d68afb5865fc1878ab2_documents_5.jsonl", "line": 420, "field": "published_at", "reason": "invalid_date"}
INFO:nitka.eventlog:{"timestamp": "2026-09-25T21:23:42.707558+00:00", "event": "record_warning", "file": "68543b2a58884d68afb5865fc1878ab2_documents_5.jsonl", "line": 421, "field": "published_at", "reason": "invalid_date"}
INFO:nitka.eventlog:{"timestamp": "2026-09-25T21:23:42.707584+00:00", "event": "record_warning", "file": "68543b2a58884d68afb5865fc1878ab2_documents_5.jsonl", "line": 421, "field": "status", "reason": "invalid_status"}
INFO:nitka.eventlog:{"timestamp": "2026-09-25T21:23:42.707622+00:00", "event": "record_warning", "file": "68543b2a58884d68afb5865fc1878ab2_documents_5.jsonl", "line": 422, "field": "title", "reason": "missing_required_title"}
INFO:nitka.eventlog:{"timestamp": "2026-09-25T21:23:42.707634+00:00", "event": "document_not_inserted", "file": "68543b2a58884d68afb5865fc1878ab2_documents_5.jsonl", "line": 422, "external_id": null, "title": null, "reason": "missing_required_title"}
INFO:nitka.eventlog:{"timestamp": "2026-09-25T21:23:42.707656+00:00", "event": "record_warning", "file": "68543b2a58884d68afb5865fc1878ab2_documents_5.jsonl", "line": 423, "field": "updated_at", "reason": "invalid_date"}
INFO:nitka.eventlog:{"timestamp": "2026-09-25T21:23:42.707804+00:00", "event": "record_warning", "file": "68543b2a58884d68afb5865fc1878ab2_documents_5.jsonl", "line": 423, "field": "tags", "reason": "empty_tag"}
INFO:nitka.eventlog:{"timestamp": "2026-09-25T21:23:42.707873+00:00", "event": "record_warning", "file": "68543b2a58884d68afb5865fc1878ab2_documents_5.jsonl", "line": 423, "field": "status", "reason": "invalid_status"}
INFO:nitka.eventlog:{"timestamp": "2026-09-25T21:23:42.707930+00:00", "event": "record_warning", "file": "68543b2a58884d68afb5865fc1878ab2_documents_5.jsonl", "line": 424, "field": "published_at", "reason": "invalid_date"}
INFO:nitka.eventlog:{"timestamp": "2026-09-25T21:23:42.707991+00:00", "event": "record_warning", "file": "68543b2a58884d68afb5865fc1878ab2_documents_5.jsonl", "line": 426, "field": "title", "reason": "missing_required_title"}
INFO:nitka.eventlog:{"timestamp": "2026-09-25T21:23:42.708009+00:00", "event": "document_not_inserted", "file": "68543b2a58884d68afb5865fc1878ab2_documents_5.jsonl", "line": 426, "external_id": null, "title": null, "reason": "missing_required_title"}
INFO:nitka.eventlog:{"timestamp": "2026-09-25T21:23:42.708036+00:00", "event": "record_warning", "file": "68543b2a58884d68afb5865fc1878ab2_documents_5.jsonl", "line": 427, "field": "updated_at", "reason": "invalid_date"}
INFO:nitka.eventlog:{"timestamp": "2026-09-25T21:23:42.708088+00:00", "event": "record_warning", "file": "68543b2a58884d68afb5865fc1878ab2_documents_5.jsonl", "line": 428, "field": "author_name", "reason": "placeholder_text"}
INFO:nitka.eventlog:{"timestamp": "2026-09-25T21:23:42.708114+00:00", "event": "record_warning", "file": "68543b2a58884d68afb5865fc1878ab2_documents_5.jsonl", "line": 428, "field": "published_at", "reason": "invalid_date"}
INFO:nitka.eventlog:{"timestamp": "2026-09-25T21:23:42.708142+00:00", "event": "record_warning", "file": "68543b2a58884d68afb5865fc1878ab2_documents_5.jsonl", "line": 428, "field": "word_count", "reason": "invalid_nonnegative_integer"}
INFO:nitka.eventlog:{"timestamp": "2026-09-25T21:23:42.708178+00:00", "event": "record_warning", "file": "68543b2a58884d68afb5865fc1878ab2_documents_5.jsonl", "line": 429, "field": "published_at", "reason": "invalid_date"}
INFO:nitka.eventlog:{"timestamp": "2026-09-25T21:23:42.708203+00:00", "event": "record_warning", "file": "68543b2a58884d68afb5865fc1878ab2_documents_5.jsonl", "line": 429, "field": "tags", "reason": "invalid_tags"}
INFO:nitka.eventlog:{"timestamp": "2026-09-25T21:23:42.708253+00:00", "event": "record_warning", "file": "68543b2a58884d68afb5865fc1878ab2_documents_5.jsonl", "line": 431, "field": "citation_count", "reason": "invalid_nonnegative_integer"}
INFO:nitka.eventlog:{"timestamp": "2026-09-25T21:23:42.708323+00:00", "event": "record_warning", "file": "68543b2a58884d68afb5865fc1878ab2_documents_5.jsonl", "line": 432, "field": "organization_name", "reason": "placeholder_text"}
INFO:nitka.eventlog:{"timestamp": "2026-09-25T21:23:42.708355+00:00", "event": "record_warning", "file": "68543b2a58884d68afb5865fc1878ab2_documents_5.jsonl", "line": 432, "field": "updated_at", "reason": "updated_before_published"}
INFO:nitka.eventlog:{"timestamp": "2026-09-25T21:23:42.708405+00:00", "event": "record_warning", "file": "68543b2a58884d68afb5865fc1878ab2_documents_5.jsonl", "line": 434, "field": "updated_at", "reason": "invalid_date"}
INFO:nitka.eventlog:{"timestamp": "2026-09-25T21:23:42.708443+00:00", "event": "record_warning", "file": "68543b2a58884d68afb5865fc1878ab2_documents_5.jsonl", "line": 435, "field": "status", "reason": "invalid_status"}
INFO:nitka.eventlog:{"timestamp": "2026-09-25T21:23:42.708467+00:00", "event": "record_warning", "file": "68543b2a58884d68afb5865fc1878ab2_documents_5.jsonl", "line": 435, "field": "updated_at", "reason": "updated_before_published"}
INFO:nitka.eventlog:{"timestamp": "2026-09-25T21:23:42.710115+00:00", "event": "record_warning", "file": "68543b2a58884d68afb5865fc1878ab2_documents_5.jsonl", "line": 436, "field": "title", "reason": "missing_required_title"}
INFO:nitka.eventlog:{"timestamp": "2026-09-25T21:23:42.710154+00:00", "event": "document_not_inserted", "file": "68543b2a58884d68afb5865fc1878ab2_documents_5.jsonl", "line": 436, "external_id": null, "title": null, "reason": "missing_required_title"}
INFO:nitka.eventlog:{"timestamp": "2026-09-25T21:23:42.710183+00:00", "event": "record_warning", "file": "68543b2a58884d68afb5865fc1878ab2_documents_5.jsonl", "line": 437, "field": "updated_at", "reason": "invalid_date"}
INFO:nitka.eventlog:{"timestamp": "2026-09-25T21:23:42.710207+00:00", "event": "record_warning", "file": "68543b2a58884d68afb5865fc1878ab2_documents_5.jsonl", "line": 437, "field": "tags", "reason": "invalid_tags"}
INFO:nitka.eventlog:{"timestamp": "2026-09-25T21:23:42.711285+00:00", "event": "record_warning", "file": "68543b2a58884d68afb5865fc1878ab2_documents_5.jsonl", "line": 437, "field": "status", "reason": "invalid_status"}
INFO:nitka.eventlog:{"timestamp": "2026-09-25T21:23:42.711371+00:00", "event": "record_warning", "file": "68543b2a58884d68afb5865fc1878ab2_documents_5.jsonl", "line": 437, "field": "citation_count", "reason": "invalid_nonnegative_integer"}
INFO:nitka.eventlog:{"timestamp": "2026-09-25T21:23:42.711420+00:00", "event": "record_warning", "file": "68543b2a58884d68afb5865fc1878ab2_documents_5.jsonl", "line": 438, "field": "title", "reason": "missing_required_title"}
INFO:nitka.eventlog:{"timestamp": "2026-09-25T21:23:42.711436+00:00", "event": "document_not_inserted", "file": "68543b2a58884d68afb5865fc1878ab2_documents_5.jsonl", "line": 438, "external_id": "doc-000437", "title": null, "reason": "missing_required_title"}
INFO:nitka.eventlog:{"timestamp": "2026-09-25T21:23:42.711474+00:00", "event": "record_warning", "file": "68543b2a58884d68afb5865fc1878ab2_documents_5.jsonl", "line": 440, "field": "updated_at", "reason": "updated_before_published"}
INFO:nitka.eventlog:{"timestamp": "2026-09-25T21:23:42.711678+00:00", "event": "record_warning", "file": "68543b2a58884d68afb5865fc1878ab2_documents_5.jsonl", "line": 441, "field": "updated_at", "reason": "updated_before_published"}
INFO:nitka.eventlog:{"timestamp": "2026-09-25T21:23:42.711732+00:00", "event": "record_warning", "file": "68543b2a58884d68afb5865fc1878ab2_documents_5.jsonl", "line": 442, "field": "updated_at", "reason": "updated_before_published"}
INFO:nitka.eventlog:{"timestamp": "2026-09-25T21:23:42.711771+00:00", "event": "record_warning", "file": "68543b2a58884d68afb5865fc1878ab2_documents_5.jsonl", "line": 443, "field": "published_at", "reason": "invalid_date"}
INFO:nitka.eventlog:{"timestamp": "2026-09-25T21:23:42.711810+00:00", "event": "record_warning", "file": "68543b2a58884d68afb5865fc1878ab2_documents_5.jsonl", "line": 444, "field": "updated_at", "reason": "invalid_date"}
INFO:nitka.eventlog:{"timestamp": "2026-09-25T21:23:42.711834+00:00", "event": "record_warning", "file": "68543b2a58884d68afb5865fc1878ab2_documents_5.jsonl", "line": 444, "field": "url", "reason": "invalid_url"}
INFO:nitka.eventlog:{"timestamp": "2026-09-25T21:23:42.711870+00:00", "event": "record_warning", "file": "68543b2a58884d68afb5865fc1878ab2_documents_5.jsonl", "line": 445, "field": "updated_at", "reason": "updated_before_published"}
INFO:nitka.eventlog:{"timestamp": "2026-09-25T21:23:42.711906+00:00", "event": "record_warning", "file": "68543b2a58884d68afb5865fc1878ab2_documents_5.jsonl", "line": 446, "field": "updated_at", "reason": "invalid_date"}
INFO:nitka.eventlog:{"timestamp": "2026-09-25T21:23:42.711946+00:00", "event": "record_warning", "file": "68543b2a58884d68afb5865fc1878ab2_documents_5.jsonl", "line": 447, "field": "title", "reason": "missing_required_title"}
INFO:nitka.eventlog:{"timestamp": "2026-09-25T21:23:42.711962+00:00", "event": "document_not_inserted", "file": "68543b2a58884d68afb5865fc1878ab2_documents_5.jsonl", "line": 447, "external_id": null, "title": null, "reason": "missing_required_title"}
INFO:nitka.eventlog:{"timestamp": "2026-09-25T21:23:42.711985+00:00", "event": "record_warning", "file": "68543b2a58884d68afb5865fc1878ab2_documents_5.jsonl", "line": 448, "field": "published_at", "reason": "invalid_date"}
INFO:nitka.eventlog:{"timestamp": "2026-09-25T21:23:42.712008+00:00", "event": "record_warning", "file": "68543b2a58884d68afb5865fc1878ab2_documents_5.jsonl", "line": 448, "field": "status", "reason": "invalid_status"}
INFO:nitka.eventlog:{"timestamp": "2026-09-25T21:23:42.712101+00:00", "event": "record_warning", "file": "68543b2a58884d68afb5865fc1878ab2_documents_5.jsonl", "line": 449, "field": "published_at", "reason": "invalid_date"}
INFO:nitka.eventlog:{"timestamp": "2026-09-25T21:23:42.712153+00:00", "event": "record_warning", "file": "68543b2a58884d68afb5865fc1878ab2_documents_5.jsonl", "line": 450, "field": "tags", "reason": "invalid_tag"}
INFO:nitka.eventlog:{"timestamp": "2026-09-25T21:23:42.712195+00:00", "event": "record_warning", "file": "68543b2a58884d68afb5865fc1878ab2_documents_5.jsonl", "line": 451, "field": "doi", "reason": "invalid_doi"}
INFO:nitka.eventlog:{"timestamp": "2026-09-25T21:23:42.712346+00:00", "event": "record_warning", "file": "68543b2a58884d68afb5865fc1878ab2_documents_5.jsonl", "line": 451, "field": "updated_at", "reason": "updated_before_published"}
INFO:nitka.eventlog:{"timestamp": "2026-09-25T21:23:42.712385+00:00", "event": "record_warning", "file": "68543b2a58884d68afb5865fc1878ab2_documents_5.jsonl", "line": 452, "field": "updated_at", "reason": "updated_before_published"}
INFO:nitka.eventlog:{"timestamp": "2026-09-25T21:23:42.712423+00:00", "event": "record_warning", "file": "68543b2a58884d68afb5865fc1878ab2_documents_5.jsonl", "line": 453, "field": "title", "reason": "missing_required_title"}
INFO:nitka.eventlog:{"timestamp": "2026-09-25T21:23:42.712439+00:00", "event": "document_not_inserted", "file": "68543b2a58884d68afb5865fc1878ab2_documents_5.jsonl", "line": 453, "external_id": null, "title": null, "reason": "missing_required_title"}
INFO:nitka.eventlog:{"timestamp": "2026-09-25T21:23:42.712463+00:00", "event": "record_warning", "file": "68543b2a58884d68afb5865fc1878ab2_documents_5.jsonl", "line": 454, "field": "updated_at", "reason": "invalid_date"}
INFO:nitka.eventlog:{"timestamp": "2026-09-25T21:23:42.712485+00:00", "event": "record_warning", "file": "68543b2a58884d68afb5865fc1878ab2_documents_5.jsonl", "line": 454, "field": "status", "reason": "invalid_status"}
INFO:nitka.eventlog:{"timestamp": "2026-09-25T21:23:42.712521+00:00", "event": "record_warning", "file": "68543b2a58884d68afb5865fc1878ab2_documents_5.jsonl", "line": 455, "field": "updated_at", "reason": "updated_before_published"}
INFO:nitka.eventlog:{"timestamp": "2026-09-25T21:23:42.712559+00:00", "event": "record_warning", "file": "68543b2a58884d68afb5865fc1878ab2_documents_5.jsonl", "line": 456, "field": "title", "reason": "missing_required_title"}
INFO:nitka.eventlog:{"timestamp": "2026-09-25T21:23:42.712575+00:00", "event": "document_not_inserted", "file": "68543b2a58884d68afb5865fc1878ab2_documents_5.jsonl", "line": 456, "external_id": "doc-000455", "title": null, "reason": "missing_required_title"}
INFO:nitka.eventlog:{"timestamp": "2026-09-25T21:23:42.712610+00:00", "event": "record_warning", "file": "68543b2a58884d68afb5865fc1878ab2_documents_5.jsonl", "line": 458, "field": "status", "reason": "invalid_status"}
INFO:nitka.eventlog:{"timestamp": "2026-09-25T21:23:42.712636+00:00", "event": "record_warning", "file": "68543b2a58884d68afb5865fc1878ab2_documents_5.jsonl", "line": 458, "field": "doi", "reason": "invalid_doi"}
INFO:nitka.eventlog:{"timestamp": "2026-09-25T21:23:42.712670+00:00", "event": "record_warning", "file": "68543b2a58884d68afb5865fc1878ab2_documents_5.jsonl", "line": 459, "field": "language", "reason": "unknown_language"}
INFO:nitka.eventlog:{"timestamp": "2026-09-25T21:23:42.712719+00:00", "event": "record_warning", "file": "68543b2a58884d68afb5865fc1878ab2_documents_5.jsonl", "line": 461, "field": "status", "reason": "invalid_status"}
INFO:nitka.eventlog:{"timestamp": "2026-09-25T21:23:42.712744+00:00", "event": "record_warning", "file": "68543b2a58884d68afb5865fc1878ab2_documents_5.jsonl", "line": 461, "field": "language", "reason": "unknown_language"}
INFO:nitka.eventlog:{"timestamp": "2026-09-25T21:23:42.712767+00:00", "event": "record_warning", "file": "68543b2a58884d68afb5865fc1878ab2_documents_5.jsonl", "line": 461, "field": "updated_at", "reason": "updated_before_published"}
INFO:nitka.eventlog:{"timestamp": "2026-09-25T21:23:42.712824+00:00", "event": "record_warning", "file": "68543b2a58884d68afb5865fc1878ab2_documents_5.jsonl", "line": 462, "field": "title", "reason": "missing_required_title"}
INFO:nitka.eventlog:{"timestamp": "2026-09-25T21:23:42.712842+00:00", "event": "document_not_inserted", "file": "68543b2a58884d68afb5865fc1878ab2_documents_5.jsonl", "line": 462, "external_id": "doc-000461", "title": null, "reason": "missing_required_title"}
INFO:nitka.eventlog:{"timestamp": "2026-09-25T21:23:42.712879+00:00", "event": "record_warning", "file": "68543b2a58884d68afb5865fc1878ab2_documents_5.jsonl", "line": 464, "field": "status", "reason": "invalid_status"}
INFO:nitka.eventlog:{"timestamp": "2026-09-25T21:23:42.712905+00:00", "event": "record_warning", "file": "68543b2a58884d68afb5865fc1878ab2_documents_5.jsonl", "line": 464, "field": "language", "reason": "unknown_language"}
INFO:nitka.eventlog:{"timestamp": "2026-09-25T21:23:42.712940+00:00", "event": "record_warning", "file": "68543b2a58884d68afb5865fc1878ab2_documents_5.jsonl", "line": 465, "field": "title", "reason": "missing_required_title"}
INFO:nitka.eventlog:{"timestamp": "2026-09-25T21:23:42.712957+00:00", "event": "document_not_inserted", "file": "68543b2a58884d68afb5865fc1878ab2_documents_5.jsonl", "line": 465, "external_id": "duplicate-id", "title": null, "reason": "missing_required_title"}
INFO:nitka.eventlog:{"timestamp": "2026-09-25T21:23:42.712979+00:00", "event": "record_warning", "file": "68543b2a58884d68afb5865fc1878ab2_documents_5.jsonl", "line": 466, "field": "title", "reason": "missing_required_title"}
INFO:nitka.eventlog:{"timestamp": "2026-09-25T21:23:42.712991+00:00", "event": "document_not_inserted", "file": "68543b2a58884d68afb5865fc1878ab2_documents_5.jsonl", "line": 466, "external_id": null, "title": null, "reason": "missing_required_title"}
INFO:nitka.eventlog:{"timestamp": "2026-09-25T21:23:42.713024+00:00", "event": "record_warning", "file": "68543b2a58884d68afb5865fc1878ab2_documents_5.jsonl", "line": 468, "field": "url", "reason": "invalid_url"}
INFO:nitka.eventlog:{"timestamp": "2026-09-25T21:23:42.713050+00:00", "event": "record_warning", "file": "68543b2a58884d68afb5865fc1878ab2_documents_5.jsonl", "line": 468, "field": "updated_at", "reason": "updated_before_published"}
INFO:nitka.eventlog:{"timestamp": "2026-09-25T21:23:42.713085+00:00", "event": "record_warning", "file": "68543b2a58884d68afb5865fc1878ab2_documents_5.jsonl", "line": 469, "field": "status", "reason": "invalid_status"}
INFO:nitka.eventlog:{"timestamp": "2026-09-25T21:23:42.713110+00:00", "event": "record_warning", "file": "68543b2a58884d68afb5865fc1878ab2_documents_5.jsonl", "line": 469, "field": "updated_at", "reason": "updated_before_published"}
INFO:nitka.eventlog:{"timestamp": "2026-09-25T21:23:42.713157+00:00", "event": "record_warning", "file": "68543b2a58884d68afb5865fc1878ab2_documents_5.jsonl", "line": 471, "field": "updated_at", "reason": "updated_before_published"}
INFO:nitka.eventlog:{"timestamp": "2026-09-25T21:23:42.713195+00:00", "event": "record_warning", "file": "68543b2a58884d68afb5865fc1878ab2_documents_5.jsonl", "line": 472, "field": "status", "reason": "invalid_status"}
INFO:nitka.eventlog:{"timestamp": "2026-09-25T21:23:42.713231+00:00", "event": "record_warning", "file": "68543b2a58884d68afb5865fc1878ab2_documents_5.jsonl", "line": 473, "field": "status", "reason": "invalid_status"}
INFO:nitka.eventlog:{"timestamp": "2026-09-25T21:23:42.713255+00:00", "event": "record_warning", "file": "68543b2a58884d68afb5865fc1878ab2_documents_5.jsonl", "line": 473, "field": "updated_at", "reason": "updated_before_published"}
INFO:nitka.eventlog:{"timestamp": "2026-09-25T21:23:42.713288+00:00", "event": "record_warning", "file": "68543b2a58884d68afb5865fc1878ab2_documents_5.jsonl", "line": 474, "field": "published_at", "reason": "invalid_date"}
INFO:nitka.eventlog:{"timestamp": "2026-09-25T21:23:42.713325+00:00", "event": "record_warning", "file": "68543b2a58884d68afb5865fc1878ab2_documents_5.jsonl", "line": 475, "field": "title", "reason": "missing_required_title"}
INFO:nitka.eventlog:{"timestamp": "2026-09-25T21:23:42.713337+00:00", "event": "document_not_inserted", "file": "68543b2a58884d68afb5865fc1878ab2_documents_5.jsonl", "line": 475, "external_id": "doc-000474", "title": null, "reason": "missing_required_title"}
INFO:nitka.eventlog:{"timestamp": "2026-09-25T21:23:42.713362+00:00", "event": "record_warning", "file": "68543b2a58884d68afb5865fc1878ab2_documents_5.jsonl", "line": 476, "field": "title", "reason": "missing_required_title"}
INFO:nitka.eventlog:{"timestamp": "2026-09-25T21:23:42.713377+00:00", "event": "document_not_inserted", "file": "68543b2a58884d68afb5865fc1878ab2_documents_5.jsonl", "line": 476, "external_id": "doc-000475", "title": null, "reason": "missing_required_title"}
INFO:nitka.eventlog:{"timestamp": "2026-09-25T21:23:42.713399+00:00", "event": "record_warning", "file": "68543b2a58884d68afb5865fc1878ab2_documents_5.jsonl", "line": 477, "field": "doi", "reason": "invalid_doi"}
INFO:nitka.eventlog:{"timestamp": "2026-09-25T21:23:42.713422+00:00", "event": "record_warning", "file": "68543b2a58884d68afb5865fc1878ab2_documents_5.jsonl", "line": 477, "field": "updated_at", "reason": "updated_before_published"}
INFO:nitka.eventlog:{"timestamp": "2026-09-25T21:23:42.713456+00:00", "event": "record_warning", "file": "68543b2a58884d68afb5865fc1878ab2_documents_5.jsonl", "line": 478, "field": "title", "reason": "missing_required_title"}
INFO:nitka.eventlog:{"timestamp": "2026-09-25T21:23:42.713472+00:00", "event": "document_not_inserted", "file": "68543b2a58884d68afb5865fc1878ab2_documents_5.jsonl", "line": 478, "external_id": "doc-000477", "title": null, "reason": "missing_required_title"}
INFO:nitka.eventlog:{"timestamp": "2026-09-25T21:23:42.713494+00:00", "event": "record_warning", "file": "68543b2a58884d68afb5865fc1878ab2_documents_5.jsonl", "line": 479, "field": "updated_at", "reason": "updated_before_published"}
INFO:nitka.eventlog:{"timestamp": "2026-09-25T21:23:42.713530+00:00", "event": "record_warning", "file": "68543b2a58884d68afb5865fc1878ab2_documents_5.jsonl", "line": 480, "field": "status", "reason": "invalid_status"}
INFO:nitka.eventlog:{"timestamp": "2026-09-25T21:23:42.713564+00:00", "event": "record_warning", "file": "68543b2a58884d68afb5865fc1878ab2_documents_5.jsonl", "line": 481, "field": "citation_count", "reason": "invalid_nonnegative_integer"}
INFO:nitka.eventlog:{"timestamp": "2026-09-25T21:23:42.713589+00:00", "event": "record_warning", "file": "68543b2a58884d68afb5865fc1878ab2_documents_5.jsonl", "line": 481, "field": "updated_at", "reason": "updated_before_published"}
INFO:nitka.eventlog:{"timestamp": "2026-09-25T21:23:42.713622+00:00", "event": "record_warning", "file": "68543b2a58884d68afb5865fc1878ab2_documents_5.jsonl", "line": 482, "field": "title", "reason": "missing_required_title"}
INFO:nitka.eventlog:{"timestamp": "2026-09-25T21:23:42.713636+00:00", "event": "document_not_inserted", "file": "68543b2a58884d68afb5865fc1878ab2_documents_5.jsonl", "line": 482, "external_id": null, "title": null, "reason": "missing_required_title"}
INFO:nitka.eventlog:{"timestamp": "2026-09-25T21:23:42.713658+00:00", "event": "record_warning", "file": "68543b2a58884d68afb5865fc1878ab2_documents_5.jsonl", "line": 483, "field": "tags", "reason": "invalid_tag"}
INFO:nitka.eventlog:{"timestamp": "2026-09-25T21:23:42.713705+00:00", "event": "record_warning", "file": "68543b2a58884d68afb5865fc1878ab2_documents_5.jsonl", "line": 485, "field": "status", "reason": "invalid_status"}
INFO:nitka.eventlog:{"timestamp": "2026-09-25T21:23:42.713743+00:00", "event": "record_warning", "file": "68543b2a58884d68afb5865fc1878ab2_documents_5.jsonl", "line": 486, "field": "language", "reason": "unknown_language"}
INFO:nitka.eventlog:{"timestamp": "2026-09-25T21:23:42.713764+00:00", "event": "record_warning", "file": "68543b2a58884d68afb5865fc1878ab2_documents_5.jsonl", "line": 486, "field": "updated_at", "reason": "updated_before_published"}
INFO:nitka.eventlog:{"timestamp": "2026-09-25T21:23:42.713798+00:00", "event": "record_warning", "file": "68543b2a58884d68afb5865fc1878ab2_documents_5.jsonl", "line": 487, "field": "title", "reason": "missing_required_title"}
INFO:nitka.eventlog:{"timestamp": "2026-09-25T21:23:42.713812+00:00", "event": "document_not_inserted", "file": "68543b2a58884d68afb5865fc1878ab2_documents_5.jsonl", "line": 487, "external_id": "doc-000486", "title": null, "reason": "missing_required_title"}
INFO:nitka.eventlog:{"timestamp": "2026-09-25T21:23:42.713845+00:00", "event": "record_warning", "file": "68543b2a58884d68afb5865fc1878ab2_documents_5.jsonl", "line": 489, "field": "tags", "reason": "empty_tag"}
INFO:nitka.eventlog:{"timestamp": "2026-09-25T21:23:42.713867+00:00", "event": "record_warning", "file": "68543b2a58884d68afb5865fc1878ab2_documents_5.jsonl", "line": 489, "field": "updated_at", "reason": "updated_before_published"}
INFO:nitka.eventlog:{"timestamp": "2026-09-25T21:23:42.713904+00:00", "event": "record_warning", "file": "68543b2a58884d68afb5865fc1878ab2_documents_5.jsonl", "line": 490, "field": "updated_at", "reason": "updated_before_published"}
INFO:nitka.eventlog:{"timestamp": "2026-09-25T21:23:42.713939+00:00", "event": "record_warning", "file": "68543b2a58884d68afb5865fc1878ab2_documents_5.jsonl", "line": 491, "field": "title", "reason": "missing_required_title"}
INFO:nitka.eventlog:{"timestamp": "2026-09-25T21:23:42.713952+00:00", "event": "document_not_inserted", "file": "68543b2a58884d68afb5865fc1878ab2_documents_5.jsonl", "line": 491, "external_id": "doc-000490", "title": null, "reason": "missing_required_title"}
INFO:nitka.eventlog:{"timestamp": "2026-09-25T21:23:42.713974+00:00", "event": "record_warning", "file": "68543b2a58884d68afb5865fc1878ab2_documents_5.jsonl", "line": 492, "field": "organization_name", "reason": "invalid_text"}
INFO:nitka.eventlog:{"timestamp": "2026-09-25T21:23:42.713995+00:00", "event": "record_warning", "file": "68543b2a58884d68afb5865fc1878ab2_documents_5.jsonl", "line": 492, "field": "status", "reason": "invalid_status"}
INFO:nitka.eventlog:{"timestamp": "2026-09-25T21:23:42.714031+00:00", "event": "record_warning", "file": "68543b2a58884d68afb5865fc1878ab2_documents_5.jsonl", "line": 493, "field": "author_name", "reason": "placeholder_text"}
INFO:nitka.eventlog:{"timestamp": "2026-09-25T21:23:42.714055+00:00", "event": "record_warning", "file": "68543b2a58884d68afb5865fc1878ab2_documents_5.jsonl", "line": 493, "field": "tags", "reason": "invalid_tags"}
INFO:nitka.eventlog:{"timestamp": "2026-09-25T21:23:42.714078+00:00", "event": "record_warning", "file": "68543b2a58884d68afb5865fc1878ab2_documents_5.jsonl", "line": 493, "field": "updated_at", "reason": "updated_before_published"}
INFO:nitka.eventlog:{"timestamp": "2026-09-25T21:23:42.714113+00:00", "event": "record_warning", "file": "68543b2a58884d68afb5865fc1878ab2_documents_5.jsonl", "line": 494, "field": "updated_at", "reason": "updated_before_published"}
INFO:nitka.eventlog:{"timestamp": "2026-09-25T21:23:42.714150+00:00", "event": "record_warning", "file": "68543b2a58884d68afb5865fc1878ab2_documents_5.jsonl", "line": 495, "field": "tags", "reason": "empty_tag"}
INFO:nitka.eventlog:{"timestamp": "2026-09-25T21:23:42.714175+00:00", "event": "record_warning", "file": "68543b2a58884d68afb5865fc1878ab2_documents_5.jsonl", "line": 495, "field": "updated_at", "reason": "updated_before_published"}
INFO:nitka.eventlog:{"timestamp": "2026-09-25T21:23:42.714233+00:00", "event": "record_warning", "file": "68543b2a58884d68afb5865fc1878ab2_documents_5.jsonl", "line": 498, "field": "updated_at", "reason": "updated_before_published"}
INFO:nitka.eventlog:{"timestamp": "2026-09-25T21:23:42.714284+00:00", "event": "record_warning", "file": "68543b2a58884d68afb5865fc1878ab2_documents_5.jsonl", "line": 500, "field": "title", "reason": "missing_required_title"}
INFO:nitka.eventlog:{"timestamp": "2026-09-25T21:23:42.714296+00:00", "event": "document_not_inserted", "file": "68543b2a58884d68afb5865fc1878ab2_documents_5.jsonl", "line": 500, "external_id": "doc-000499", "title": null, "reason": "missing_required_title"}
INFO:nitka.eventlog:{"timestamp": "2026-09-25T21:23:42.747020+00:00", "event": "scoring_completed", "run_id": 7, "scored_documents": 0}
INFO:nitka.eventlog:{"timestamp": "2026-09-25T21:23:42.747153+00:00", "event": "ingestion_completed", "run_id": 7, "status": "completed", "processed": 500, "inserted": 0, "already_imported": 390, "skipped": 110, "warnings": 1049}